0,1,2,3,4,5,6,7,8,9,10,11
"{'Name': 'Automobiles & Servicing Cente', 'Email': 'N/A', 'Phone': '01712920915', 'Address': 'house 67, Road No. 13, Dhaka 1230, Uttara Purba, Dhaka, 1230', 'Website': 'N/A'}","{'Name': 'Auto king', 'Email': 'N/A', 'Phone': '01783807917', 'Address': 'House-22 Road-35, উত্তরা 1230, Uttara Purba, Dhaka, 1230', 'Website': 'N/A'}","{'Name': 'Car Repair BD', 'Email': 'N/A', 'Phone': '01725418659', 'Address': 'Plot 16, 1230 Road No 34, Dhaka 1230, Uttara Purba, Dhaka, 1230', 'Website': 'https://carrepairbd.com/'}","{'Name': 'NOOR AUTOS', 'Email': 'N/A', 'Phone': '01727349447', 'Address': 'QCFH+2WW, Dhaka 1212, Gulshan Model Town, Dhaka, 1212', 'Website': 'N/A'}","{'Name': 'Anan Auto Solution', 'Email': 'N/A', 'Phone': '01871668065', 'Address': 'South point shed, 17 Road Baridhara J Block, Dhaka 1212, Gulshan Model Town, Dhaka, 1212', 'Website': 'N/A'}","{'Name': 'Swadesh Auto Ltd.', 'Email': 'N/A', 'Phone': '01612408992', 'Address': 'RC2F+CQW, Baridhara J Block, Dhaka 1212, Gulshan Model Town, Dhaka, 1212', 'Website': 'N/A'}","{'Name': 'Multi Auto Care Workshop', 'Email': 'N/A', 'Phone': '01757683035', 'Address': '18,Shed- 01, RC3G+P5H, Road, Plot- 02 Baridhara J Block, Dhaka 1212, Gulshan Model Town, Dhaka, 1212', 'Website': 'N/A'}","{'Name': 'ADC Automobiles', 'Email': 'N/A', 'Phone': '01716346067', 'Address': 'Kha-198, Dhaka 1212, Gulshan Model Town, Dhaka, 1212', 'Website': 'https://www.adcautomobiles.com/#'}","{'Name': 'BASCO AUTO SOLUTION', 'Email': 'N/A', 'Phone': '01733077657', 'Address': '343 Cocacola Road, Naya Nagar Rd, Dhaka 1212, Gulshan Model Town, Dhaka, 1212', 'Website': 'N/A'}","{'Name': 'Motor Diagnosis and Treatment LTD -MDTL', 'Email': 'N/A', 'Phone': '01613356602', 'Address': 'Ka67-68, progoti Sharani, Norda, 1212, Gulshan Model Town, Dhaka, 1212', 'Website': 'https://mdtlbd.com/'}","{'Name': 'RPM AUTO WORKS', 'Email': 'N/A', 'Phone': '01810448877', 'Address': 'Shed-06, Baridhara J Block, Dhaka 1212, Gulshan Model Town, Dhaka, 1212', 'Website': 'http://rpmautoworks.com'}","{'Name': 'Auto space', 'Email': 'N/A', 'Phone': '01916313949', 'Address': '333, 1 Cocacola Rd, Dhaka 1212, Gulshan Model Town, Dhaka, 1212', 'Website': 'N/A'}"
"{'Name': 'Hyundai Motors Bangladesh Limited', 'Email': 'N/A', 'Phone': '01841010111', 'Address': 'Tejgaon I/A Dhaka, 1208, Dhaka Politechnic, Dhaka, 1208', 'Website': 'https://www.facebook.com/Hyundaiworldwide'}","{'Name': 'City Car Imports', 'Email': 'N/A', 'Phone': '01896092905', 'Address': 'Mirpur, West Shewrapara, Dhaka, Bangladesh, 1216, Mirpur, Dhaka, 1216', 'Website': 'N/A'}","{'Name': 'Zam Zam Car & Automobiles', 'Email': 'N/A', 'Phone': '01711775067', 'Address': 'Corporate Branch : 28/1, Kakrail, Dhaka. & #Baridhara Branch: 314 Nodda, Baridhara, Dhaka, Dhaka, Bangladesh, 1217, Shantinagr TSO, Dhaka, 1217', 'Website': 'https://www.zamzamgroupbd.net/'}","{'Name': 'Ovi Trading', 'Email': 'N/A', 'Phone': '01799993280', 'Address': 'Plot#1, Road#49, Gulshan 2, Dhaka, Bangladesh, 1212, Gulshan Model Town, Dhaka, 1212', 'Website': 'N/A'}","{'Name': 'Automo JAPAN', 'Email': 'N/A', 'Phone': '01836151239', 'Address': '5/13, Lalmatia, Block#D, Dhaka, Bangladesh, 1207, Mohammadpur, Dhaka, 1207', 'Website': 'N/A'}","{'Name': 'Jeep Bangladesh', 'Email': 'N/A', 'Phone': '01841805337', 'Address': '1, West Abdullahpur, Dhaka, Bangladesh, 1230, Uttara Purba, Dhaka, 1230', 'Website': 'https://www.jeep.com.bd/'}","{'Name': 'Dynasty Cars', 'Email': 'N/A', 'Phone': '01785545532', 'Address': '343/344, Tejgaon I/A, Tejgaon, (Impluse Hospital Road, Opposite Impluse Hospital), Dhaka, Bangladesh, 1208, Dhaka Politechnic, Dhaka, 1208', 'Website': 'N/A'}","{'Name': 'Alif Motors', 'Email': 'N/A', 'Phone': '01317774455', 'Address': '150C Tejgaon C/A Dhaka-1208, Tejgaon, Bangladesh, Dhaka Politechnic, Dhaka, 1208', 'Website': 'N/A'}","{'Name': 'JB Auto', 'Email': 'N/A', 'Phone': '01722911208', 'Address': '45 Kazi Nazrul Islam Avenue, Dhaka, Bangladesh, Tejgaon TSO, Dhaka, 1215', 'Website': 'https://jbautobd.com/'}","{'Name': 'Buraq Cars', 'Email': 'N/A', 'Phone': '01883888875', 'Address': 'Ka-96, Kuril Biswa Road, Paragati Saroni., Dhaka, Bangladesh, KhilkhetTSO, Dhaka, 1229', 'Website': 'https://www.buraqcars.com/'}","{'Name': 'Auto BD Imports', 'Email': 'N/A', 'Phone': '01909166312', 'Address': 'H-57/A, Rd -4 Mohanagar Housing Rd, Dhaka 1212, Gulshan Model Town, Dhaka, 1212', 'Website': 'N/A'}","{'Name': 'Crossroad Motors', 'Email': 'N/A', 'Phone': '01711895017', 'Address': 'House # 05, Road-17, Block-C, Banani 1213  Dhaka, Bangladesh, Banani TSO, Dhaka, 1213', 'Website': 'https://crossroadmotors.com.bd/'}"
"{'Name': 'Cafe Chapter 14', 'Email': 'N/A', 'Phone': '01711945873', 'Address': '19 a/ b 2nd colony, mazar road, Mirpur-1, Dhaka, Bangladesh, 1216, Mirpur, Dhaka, 1216', 'Website': 'N/A'}","{'Name': 'Cafe Rain Street', 'Email': 'N/A', 'Phone': '01778088084', 'Address': 'House-32(Ground floor), Road-05, Block- G, Mirpur-1, Dhaka, Bangladesh, 1216, Mirpur, Dhaka, 1216', 'Website': 'N/A'}","{'Name': 'The Stories Cafe', 'Email': 'N/A', 'Phone': '01329702344', 'Address': '1st Floor, House 109, Street 01, Block A Mirpur 02, Dhaka 1216, Mirpur, Dhaka, 1216', 'Website': 'https://thestoriescafe.com/'}","{'Name': 'Dream Cafe', 'Email': 'N/A', 'Phone': '01319240502', 'Address': '1/A/B 2nd Colony, Mazar Road, Mirpur-1, Dhaka, Bangladesh, 1216, Mirpur, Dhaka, 1216', 'Website': 'N/A'}","{'Name': 'Posh Lounge Rooftop', 'Email': 'N/A', 'Phone': '01712808770', 'Address': 'Safura Tower (Beside Pallabi Metro Station) House 45, Level-9, Road-7, Mirpur-12, Dhaka 1216, Mirpur, Dhaka, 1216', 'Website': 'https://poshloungerooftop.com/#home'}","{'Name': 'Hongbao', 'Email': 'N/A', 'Phone': '01870111222', 'Address': '1st floor, Suvastu Imam Square, 65 Gulshan Avenue, Road 28., , Gulshan Model Town, Dhaka, 1212', 'Website': 'https://hongbaobd.com/'}","{'Name': 'OBOR Restaurant - 丝路驿站中餐厅', 'Email': 'N/A', 'Phone': '01700703756', 'Address': 'Level 6, Anannya Shopping Complex, Dhaka CantonmentTSO, Dhaka, 1206', 'Website': 'N/A'}","{'Name': 'Chillox', 'Email': 'N/A', 'Phone': '01704194484', 'Address': 'Level 2, AMM Center, Road 3A, Dhanmondi 1209 (Near Jigatola Bus Stand, Beside Japan Friendship Hospital), Dhanmondi, Dhaka, 1209', 'Website': 'https://chillox.engaze.ai/'}","{'Name': 'LE MERIDIEN DHAKA', 'Email': 'N/A', 'Phone': '09638900089', 'Address': 'https://www.marriott.com/en-us/hotels/dacmd-le-meridien-dhaka/dining/', 'Website': 'https://www.marriott.com/en-us/hotels/dacmd-le-meridien-dhaka/dining/'}","{'Name': 'Alfresco', 'Email': 'N/A', 'Phone': '01335100521', 'Address': '11 level 9 84, Skylark Building, plot no Road No. 11,, Banani TSO, Dhaka, 1213', 'Website': 'N/A'}","{'Name': 'Secret Recipe Elephant road Flagship', 'Email': 'N/A', 'Phone': '09613505085', 'Address': 'Plaza Central by Ananta 136, Old Elephant Road, S Kamruzzaman Sharani Rd, , New Market TSO, Dhaka, 1205', 'Website': 'https://secretrecipebd.com/'}","{'Name': 'The Red Chamber', 'Email': 'N/A', 'Phone': '01316048262', 'Address': 'Level 13, Hamid Tower, Gulshan Circle 2, , Gulshan Model Town, Dhaka, 1212', 'Website': 'N/A'}"
"{'Name': 'Star Printing & Packaging', 'Email': 'N/A', 'Phone': '01711223345', 'Address': 'khilkhat dhaka 1229, KhilkhetTSO, Dhaka, 1229', 'Website': '""https://www.facebook.com/starprintingbd""'}","{'Name': 'Unique Printing BD', 'Email': 'N/A', 'Phone': '01912334456', 'Address': 'uttara dhaka 1230, Uttara Purba, Dhaka, 1230', 'Website': '""https://www.facebook.com/uniqueprintingbd""'}","{'Name': 'Modern Printing Press', 'Email': 'N/A', 'Phone': '01719223345', 'Address': 'uttara dhaka 1230, Uttara Purba, Dhaka, 1230', 'Website': 'https://modernprintingpress.godaddysites.com/'}","{'Name': 'Galaxy Printing & Packaging', 'Email': 'N/A', 'Phone': '01861623214', 'Address': 'uttara dhaka 1230, Uttara Purba, Dhaka, 1230', 'Website': 'https://www.facebook.com/galaxyprintingbd""'}","{'Name': 'Rainbow Printing Press', 'Email': 'N/A', 'Phone': '01715998878', 'Address': 'uttara dhaka 1230, Uttara Purba, Dhaka, 1230', 'Website': '""https://www.facebook.com/rainbowprintingbd""'}","{'Name': 'Print Express BD', 'Email': 'N/A', 'Phone': '01933445567', 'Address': 'uttara dhaka 1230, Uttara Purba, Dhaka, 1230', 'Website': '""https://www.facebook.com/printexpressbd""'}","{'Name': 'Seba Printing & Packaging', 'Email': 'N/A', 'Phone': '01811223344', 'Address': 'uttara dhaka 1230, Uttara Purba, Dhaka, 1230', 'Website': 'https://www.facebook.com/PrintingSeba/#'}","{'Name': 'Projonmo Printing Press', 'Email': 'N/A', 'Phone': '01712334455', 'Address': 'uttara dhaka 1230, Uttara Purba, Dhaka, 1230', 'Website': '""https://www.facebook.com/projonmoprinting""'}","{'Name': 'Royal Printing Press', 'Email': 'N/A', 'Phone': '01719223344', 'Address': 'uttara dhaka 1230, Uttara Purba, Dhaka, 1230', 'Website': 'https://royalprintingpress.com/?utm_source=copilot.com'}","{'Name': 'Print World Bangladesh', 'Email': 'N/A', 'Phone': '01933445566', 'Address': 'uttara dhaka 1230, Uttara Purba, Dhaka, 1230', 'Website': 'https://printworldbd.com/?utm_source=copilot.com'}","{'Name': 'Digital Print BD', 'Email': 'N/A', 'Phone': '01715998877', 'Address': 'uttara dhaka 1230, Uttara Purba, Dhaka, 1230', 'Website': 'https://digitalprintbd.com/?utm_source=copilot.com'}","{'Name': 'Print Master BD', 'Email': 'N/A', 'Phone': '01811778899', 'Address': 'uttara dhaka 1230, Uttara Purba, Dhaka, 1230', 'Website': '""https://www.facebook.com/printmasterbd""'}"
"{'Name': 'LegalEdge BD', 'Email': 'N/A', 'Phone': '01333889922', 'Address': 'https://www.facebook.com/legaledgebangladesh', 'Website': 'https://www.facebook.com/legaledgebangladesh'}","{'Name': 'Compliance BD Law Firm', 'Email': 'N/A', 'Phone': '01745990133', 'Address': '13th Floor, Razzak Plaza, Maghbazar, Ramna,, Dhaka, Bangladesh, 1217, Shantinagr TSO, Dhaka, 1217', 'Website': 'https://compliancebd.com/'}","{'Name': 'Advocatus Chambers', 'Email': 'N/A', 'Phone': '01307963321', 'Address': 'uttara dhaka 1230, Uttara Purba, Dhaka, 1230', 'Website': 'https://advocatuschambers.com/'}","{'Name': 'LawCare BD', 'Email': 'N/A', 'Phone': '01711225544', 'Address': 'khilkhat dhaka 1229, KhilkhetTSO, Dhaka, 1229', 'Website': 'https://lawcarebd.com/'}","{'Name': 'Justitia BD', 'Email': 'N/A', 'Phone': '01995665544', 'Address': 'newmarket dhaka 1205, New Market TSO, Dhaka, 1205', 'Website': 'https://justitiabd.com/'}","{'Name': 'Equity Law Partners', 'Email': 'N/A', 'Phone': '01789004411', 'Address': 'uttara dhaka 1230, Uttara Purba, Dhaka, 1230', 'Website': 'https://equitylawbd.com/'}","{'Name': 'LegalNet Bangladesh', 'Email': 'N/A', 'Phone': '01712159571', 'Address': 'uttara dhaka 1230, Uttara Purba, Dhaka, 1230', 'Website': 'https://www.facebook.com/legalnetbd'}","{'Name': 'Barrister’s Chamber Bangladesh', 'Email': 'N/A', 'Phone': '01613554433', 'Address': 'uttara dhaka 1230, Uttara Purba, Dhaka, 1230', 'Website': 'https://www.facebook.com/barristerschamber'}","{'Name': 'Law Valley', 'Email': 'N/A', 'Phone': '01915964722', 'Address': '45, Suite No. 11A, 11th Floor, Saiham Sky View Tower, 45 Bijoy Nagar Road, Dhaka 1000, Dhaka GPO, Dhaka, 1000', 'Website': 'N/A'}","{'Name': 'Kazi Law Chamber', 'Email': 'N/A', 'Phone': '01748848487', 'Address': '12th Floor, Meherba Plaza, 33 Topkhana Road, Dhaka 1000, Dhaka GPO, Dhaka, 1000', 'Website': 'N/A'}","{'Name': 'Bangladesh Legal Network', 'Email': 'N/A', 'Phone': '01712345694', 'Address': 'uttara dhaka 1230, Uttara Purba, Dhaka, 1230', 'Website': 'https://bdlegalnetwork.com/?utm_source=copilot.com'}","{'Name': 'Legal Aid & Consultancy Center', 'Email': 'N/A', 'Phone': '01712345693', 'Address': 'uttara dhaka 1230, Uttara Purba, Dhaka, 1230', 'Website': 'https://laccbd.org/?utm_source=copilot.com'}"
"{'Name': ""St. Francis Xavier's Girls' School"", 'Email': 'N/A', 'Phone': 'N/A', 'Address': '85 Municipal Rd, Dhaka 1100, Kotwali, Dhaka, 1100', 'Website': 'N/A'}","{'Name': 'William Carey International School', 'Email': 'N/A', 'Phone': '01989283257', 'Address': '70 D, 1 Indira Rd, Dhaka 1207, Adabor, Dhaka, 1207', 'Website': 'N/A'}","{'Name': 'Paramount International School Dhaka', 'Email': 'N/A', 'Phone': '01897259211', 'Address': '379, Ahmed Mansion, 7 Shaheed Tajuddin Ahmed Ave, Dhaka 1217, Chalkbazar, Dhaka, 1217', 'Website': 'https://pisdedu.com/'}","{'Name': 'Mac Master English Medium School', 'Email': 'N/A', 'Phone': '01682820723', 'Address': '45 Road No. 12, Dhaka 1207, Adabor, Dhaka, 1206', 'Website': 'N/A'}","{'Name': 'Little Master International School', 'Email': 'N/A', 'Phone': '01715190994', 'Address': '16, 1-A Rankin St, Dhaka 1203, Wari, Dhaka, 1203', 'Website': 'https://lmischool.net/photo-gallery/'}","{'Name': 'Eminent School of Dhaka', 'Email': 'N/A', 'Phone': '01534833921', 'Address': '3 Wyre Street, Dhaka 1203, Wari, Dhaka, 1203', 'Website': 'https://eminentschool.com/'}","{'Name': 'Juvenile English Medium School', 'Email': 'N/A', 'Phone': '01819285002', 'Address': 'Road No. 8, Dhaka 1216, Mirpur, Dhaka, 1216', 'Website': 'http://juvenile.school/'}","{'Name': 'Mirpur English Version School and College', 'Email': 'N/A', 'Phone': '01678850500', 'Address': 'House # 08, Road # 11/2, Block # B, Section # 10, Mirpur, Dhaka, Mirpur, Dhaka, 1216', 'Website': 'http://www.mirpurenglishversionschoolandcollege.org/'}","{'Name': 'Cherry Blossoms International School & College', 'Email': 'N/A', 'Phone': '01730073860', 'Address': 'Block - A, House - 7 Road No. 4, Dhaka 1216, Mirpur, Dhaka, 1216', 'Website': 'N/A'}","{'Name': 'Al-Azhar International Grammar School- AIGS', 'Email': 'N/A', 'Phone': '01792742441', 'Address': 'H, 1 Rd -15, Dhaka 1230, Uttara Purba, Dhaka, 1230', 'Website': 'https://alazharigs.com/'}","{'Name': 'Navy Anchorage School and College', 'Email': 'N/A', 'Phone': '01769714061', 'Address': 'Khilkhet Naval Area, Namapara Rd, Dhaka 1229, KhilkhetTSO, Dhaka, 1229', 'Website': 'https://nascd.edu.bd/'}","{'Name': 'Sunderland International School Bangladesh', 'Email': 'N/A', 'Phone': '01706643733', 'Address': 'House No: Ka 32/2 Ka, (Post office Road), Khilkhet, Dhaka, KhilkhetTSO, Dhaka, 1229', 'Website': 'N/A'}"
"{'Name': 'MotoricBD', 'Email': 'N/A', 'Phone': '01717345856', 'Address': 'Jhauchar kacha bazar Road,, Dhanmondi, Dhaka, 1209', 'Website': 'N/A'}","{'Name': 'Aram Hybrid Solution', 'Email': 'N/A', 'Phone': '01310371637', 'Address': '417 Evercare Hospital Rd, , Gulshan Model Town, Dhaka, 1212', 'Website': 'N/A'}","{'Name': 'Naspro Auto Services', 'Email': 'N/A', 'Phone': '01894988489', 'Address': 'Gulshan Centre Point, House 26 Road 90, Parking Level 3,, Gulshan Model Town, Dhaka, 1212', 'Website': 'https://www.nasproauto.com/'}","{'Name': 'Native Car Solution', 'Email': 'N/A', 'Phone': '01703556955', 'Address': 'KA-30/2/A, Jagannathpur,soudi moshjid road, nodda, Baridhara,, Gulshan Model Town, Dhaka, 1212', 'Website': 'N/A'}","{'Name': 'Car Fixers Bd', 'Email': 'N/A', 'Phone': '01717889883', 'Address': 'Plot-308, Road-04, Block -A, Shagufta Housing, Pallabi, Mirpur-12, 6.,, Mirpur, Dhaka, 1216', 'Website': 'https://carfixersbd.com/'}","{'Name': 'Quics Car Service', 'Email': 'N/A', 'Phone': '01768385618', 'Address': '100 Feet Madani Ave, , KhilkhetTSO, Dhaka, 1229', 'Website': 'N/A'}","{'Name': 'bhalogari', 'Email': 'N/A', 'Phone': '09643207777', 'Address': 'Civil house, B- 111 Mosque Rd, Dhaka, Dhaka CantonmentTSO, Dhaka, 1206', 'Website': 'https://bhalogari.com/'}","{'Name': 'Car City Dhaka', 'Email': 'N/A', 'Phone': '01969522223', 'Address': 'https://carcitydhaka.com/', 'Website': 'https://carcitydhaka.com/'}","{'Name': 'eGarage bangladesh', 'Email': 'N/A', 'Phone': '01312202050', 'Address': '345 Bijoy Sarani - Tejgaon Link Rd, Dhaka Politechnic, Dhaka, 1208', 'Website': 'N/A'}","{'Name': 'Auto Scan Center', 'Email': 'N/A', 'Phone': '01670204929', 'Address': '18 No. Road Baridhara J Block, , Gulshan Model Town, Dhaka, 1212', 'Website': 'N/A'}","{'Name': 'TVS auto Bangladesh', 'Email': 'N/A', 'Phone': '01919194222', 'Address': '50 বীর উত্তম জিয়াউর রহমান সড়ক, Tejgaon TSO, Dhaka, 1215', 'Website': 'N/A'}","{'Name': 'Hyundai', 'Email': 'N/A', 'Phone': '09613505080', 'Address': '279, Tejgaon I/A, , Dhaka Politechnic, Dhaka, 1208', 'Website': 'https://hyundai-bd.com/'}"
"{'Name': 'Cleaning Express BD', 'Email': 'N/A', 'Phone': '01870724120', 'Address': 'House-32/34, Road-07, Block- C, Niketon, Gulshan-01, Dhaka, Bangladesh, 1212, Gulshan Model Town, Dhaka, 1212', 'Website': 'N/A'}","{'Name': 'Healthy Tank BD', 'Email': 'N/A', 'Phone': '01847258844', 'Address': 'House # 38, Road # 07, Block # B Banasree, Dhaka, Bangladesh., KhilgaonTSO, Dhaka, 1219', 'Website': 'https://healthytankbd.com/'}","{'Name': 'Dhaka Facility Management Services', 'Email': 'N/A', 'Phone': '01731515392', 'Address': '12/01, Pallabi, Mirpur, Dhaka-1216, Mirpur, Dhaka, 1216', 'Website': 'https://dfms.xyz/'}","{'Name': 'Total cleaning service BD', 'Email': 'N/A', 'Phone': '01719238861', 'Address': 'KA 135/2, KURIL, KAZI BARI MASZID ROAD, ঢাকা 1229, KhilkhetTSO, Dhaka, 1229', 'Website': 'http://www.totalcleaningbd.com/'}","{'Name': 'South Enterprise', 'Email': 'N/A', 'Phone': '01739277668', 'Address': '253/254, Rahim Metal Mosque Market I/A Tejgaon Area, Dhaka-1208, Bangladesh., Dhaka Politechnic, Dhaka, 1208', 'Website': 'https://www.southenterprisebd.com/contact-us'}","{'Name': 'Tank Clean Services', 'Email': 'N/A', 'Phone': '01600357308', 'Address': '255/1, ECB Chattar, Mirpur DOHS Road Dhaka Cantonment- 1206, Dhaka CantonmentTSO, Dhaka, 1206', 'Website': 'https://tankcleanservices.com/'}","{'Name': 'Clean Force Limited', 'Email': 'N/A', 'Phone': '01734723422', 'Address': 'House 13, Road -1/a, Block-B, Dhaka 1207, Mohammadpur, Dhaka, 1207', 'Website': 'N/A'}","{'Name': 'Cleaning Gram', 'Email': 'N/A', 'Phone': '01777053126', 'Address': 'dhaka, Gulshan Model Town, Dhaka, 1212', 'Website': 'https://cleaninggram.com/bd/'}","{'Name': 'MBM-Munshi Bangladesh Limited', 'Email': 'N/A', 'Phone': '01979522500', 'Address': '415 (AP House), Nayanagar, Cocacola Rd, Dhaka 1212, Gulshan Model Town, Dhaka, 1212', 'Website': 'http://www.mbmmunshibd.com/'}","{'Name': 'BD Cleaning Service', 'Email': 'N/A', 'Phone': 'N/A', 'Address': 'Nafi Tower, 53 Gulshan Ave, Dhaka 1212, Gulshan Model Town, Dhaka, 1212', 'Website': 'https://cleaningservicesbd.com/home/cleaning-service/'}","{'Name': 'Kcsservicelimited', 'Email': 'N/A', 'Phone': '01711380030', 'Address': 'House 1228, Madani Avenue (100Feet), MainRoad Baridhara, Natun Bazar Vatara Dhaka, 1212, Gulshan Model Town, Dhaka, 1212', 'Website': 'https://www.kcs-bd.com/'}","{'Name': 'Best Cleaning Service', 'Email': 'N/A', 'Phone': '01629245575', 'Address': ""17 Miah's Tower 3rd Floor, 100 Feet Road, Madani Avenue, Gulshan, Dhaka-1212, Gulshan Model Town, Dhaka, 1212"", 'Website': 'https://bestcleaningservicebcs.com/'}"
"{'Name': 'Zara Electronics Park', 'Email': 'N/A', 'Phone': '01911112210', 'Address': 'Zara Electronics Park, K-45/1, Kalachadpur school road, Gulshan-1212, Dhaka, Bangladesh, 1212, Gulshan, Dhaka, 1212', 'Website': 'https://web.facebook.com/p/Zara-Electronics-Park-100057405551166/?_rdc=1&_rdr#'}","{'Name': 'Wholesale Home Appliance', 'Email': 'N/A', 'Phone': '01406422123', 'Address': '12/1, Basila Bus Stand, Main Road, Basila City Developers, Muhammadpur, Dhaka, Bangladesh, Mohammadpur, Dhaka, 1207', 'Website': 'https://electrobdshop.com/'}","{'Name': 'Star Electronics Bangladesh', 'Email': 'N/A', 'Phone': '01403001115', 'Address': '67/A, Bangabandhu National Stadium Market, Dhaka - 1000, Mirpur, Dhaka, 1000', 'Website': 'https://www.starelectronicsbd.com/'}","{'Name': 'Transcom Digital', 'Email': 'N/A', 'Phone': '01713061477', 'Address': 'House 22, Road 04, Block F, Banani, Dhaka, Bangladesh, 1213, Banani TSO, Dhaka, 1213', 'Website': 'https://transcomdigital.com/'}","{'Name': 'Tech Shop BD', 'Email': 'N/A', 'Phone': '09678110110', 'Address': 'Techshopbd, 2/1/E, Eden Center, Arambagh, Motijheel, Dhaka, Bangladesh, 1000, Dhaka GPO, Dhaka, 1000', 'Website': 'https://techshopbd.com/'}","{'Name': 'AYAN ELECTRONICS', 'Email': 'N/A', 'Phone': '01766546690', 'Address': 'SHOP: 510, Police Plaza Concord, (Beside Shooting Complex), Gulshan-1, Dhaka, Bangladesh, 1212, Gulshan Model Town, Dhaka, 1212', 'Website': 'N/A'}","{'Name': 'Orient Electronics', 'Email': 'N/A', 'Phone': '01672231185', 'Address': 'Shop: 424, Level: 4, Plaza A.R, Dhaka 1205, New Market TSO, Dhaka, 1205', 'Website': 'N/A'}","{'Name': 'Alphanso Amps BD', 'Email': 'N/A', 'Phone': '01812878787', 'Address': 'Shop : 30/31, 4th Floor, Shah Ali Plaza, Mirpur 10 Mirpur, Dhaka, 1216, Mirpur, Dhaka, 1216', 'Website': 'N/A'}","{'Name': 'Chowdhury Electronics', 'Email': 'N/A', 'Phone': '01611646464', 'Address': 'Shop- 40-42, Plot- 89, 1st Floor, Syed Grand Centre, Sector- 7, Uttara C/A, Dhaka 1230, Uttara Purba, Dhaka, 1230', 'Website': 'https://www.chowdhuryelectronics.com/'}","{'Name': 'Brothers Electronics', 'Email': 'N/A', 'Phone': '01999982225', 'Address': 'Shop-70, 71, Level-06, Block-D, Bashundhara City Shopping Complex, Dhaka 1215, Tejgaon TSO, Dhaka, 1215', 'Website': 'https://brotherselectronicsbd.com/index.php?route=common/home'}","{'Name': 'Best Electronics', 'Email': 'N/A', 'Phone': '09606111777', 'Address': 'Level 16, City Centre, 90/1 Motijheel, Dhaka, Bangladesh, Uttara Purba, Dhaka, 1230', 'Website': 'https://www.bestelectronics.com.bd/'}","{'Name': 'Prime Electronics', 'Email': 'N/A', 'Phone': '01777854905', 'Address': 'House-1, Road-19 Gareeb-e-Nawaz Ave, Dhaka 1230, Uttara Purba, Dhaka, 1230', 'Website': 'N/A'}"
"{'Name': 'Salma Air Travels', 'Email': 'N/A', 'Phone': '01748882664', 'Address': '1/1, Nest Osmium Tower, Block E Satmasjid Road, , Dhanmondi, Dhaka, 1207', 'Website': 'N/A'}","{'Name': 'Versatile Travels & Tours Ltd', 'Email': 'N/A', 'Phone': '01713194841', 'Address': 'Ground Floor, PCH8+MP6 Khan Mansion, 107, , Motijheel, Dhaka, 1000', 'Website': 'N/A'}","{'Name': 'BestTrip', 'Email': 'N/A', 'Phone': '09677443333', 'Address': 'InterContinental Health Club Building(2nd Floor), Dhaka, Ramna, Dhaka, 1000', 'Website': 'https://www.besttrip.travel/'}","{'Name': 'Global Travel & Tours', 'Email': 'N/A', 'Phone': '01810140650', 'Address': '3rd Floor, 78/E, Purana Paltan Line, Bijoynagar, , Paltan, Dhaka, 1000', 'Website': 'https://globaltravelbd.com/'}","{'Name': 'Galaxy Travel International', 'Email': 'N/A', 'Phone': '01722222431', 'Address': '2ND FLOOR, Taj Cassilina, 25 Gulshan Ave, , Gulshan, Dhaka, 1212', 'Website': 'https://www.galaxybd.com/travel.php'}","{'Name': 'Universal Travel & Tours', 'Email': 'N/A', 'Phone': '01844167590', 'Address': 'Level-07, Green Rowshanara Tower, 55 Satmasjid Road, , Dhanmondi, Dhaka, 1209', 'Website': 'https://utt.com.bd/'}","{'Name': 'FlyTrek', 'Email': 'N/A', 'Phone': '01616124565', 'Address': 'House: 26, Road: 24, Sector: 07, Uttara, (Beside Super Hostel), , Uttara Purba, Dhaka, 1230', 'Website': 'https://flytrek.net/'}","{'Name': 'AAJ Travels', 'Email': 'N/A', 'Phone': '01711907262', 'Address': 'KA-1/1 (1st Floor), Jagannathpur, Bashundhara Rd, , Khilkhet, Dhaka, 1229', 'Website': 'https://aajtravelsbd.com/'}","{'Name': 'Travelley', 'Email': 'N/A', 'Phone': '01704644222', 'Address': 'Cha 90/A, Pragatisharani, BTI Premier Shopping Mall, 21-24/C, Level-3, , Gulshan, Dhaka, 1212', 'Website': 'https://travelley.net/'}","{'Name': 'ARO Tours & Travels', 'Email': 'N/A', 'Phone': '01764411815', 'Address': 'Block-D, Gemcon Shwapnodip (3rd Floor, House-22 Rd No 13A, , Banani, Dhaka, 1213', 'Website': 'N/A'}","{'Name': 'GoBangla Tours and Travels', 'Email': 'N/A', 'Phone': '01841779908', 'Address': 'Block A, (Ground Floor, Lalmatia Rd, , Mohammadpur, Dhaka, 1207', 'Website': 'https://gobanglabnb.com/'}","{'Name': 'Apon Tours', 'Email': 'N/A', 'Phone': '01844178204', 'Address': 'Eastern Arzoo, 197, Shahid Syed Nazrul Islam Sharani, 61, Bijoynagar,, Paltan,, , Paltan, Dhaka, 1000', 'Website': 'N/A'}"
"{'Name': 'Natural Cool Air Conditioning & Engineering', 'Email': 'N/A', 'Phone': '01775474876', 'Address': 'Hosue # 39/B Road No. 27 (Old), New 16, Dhanmondi, Dhaka - 1209 Opposite of Meena Bazar, Dhanmondi, Dhaka, 1209', 'Website': 'https://www.naturalcoolair.com/'}","{'Name': 'Roni AC Service', 'Email': 'N/A', 'Phone': '01602981001', 'Address': 'RC6F+2JM Dhaka, Hazi Samiruddin,Munshi Bari Jama Masjid KA-27/G Munshi Villa. RC6F+2JM Lane, Road), Jagannathpur, Vatara, Dhaka Bashundhara Main Gate Shahid Abdul Aziz Road, Bashundhara Main Gate,, KhilkhetTSO, Dhaka, 1229', 'Website': 'N/A'}","{'Name': 'Tulip', 'Email': 'N/A', 'Phone': '01843422373', 'Address': 'Uttara (Sector 1–18), Airport, Uttara Purba, Dhaka, 1230', 'Website': 'https://acserviceuttara.com/'}","{'Name': 'AC Servicing & Repair Dhaka', 'Email': 'N/A', 'Phone': '01777044241', 'Address': 'House #3 Road #16 Sector #11 Uttara, , Uttara Purba, Dhaka, 1230', 'Website': 'N/A'}","{'Name': 'Home Air Engineering Co Ltd', 'Email': 'N/A', 'Phone': '01778839180', 'Address': '1st Floor, Green Tower, DIT Rd, , Gulshan Model Town, Dhaka, 1212', 'Website': 'N/A'}","{'Name': 'COOL Service Center', 'Email': 'N/A', 'Phone': '01730586468', 'Address': 'Mohammadpur, Dhaka City, Mohammadpur, Dhaka, 1207', 'Website': 'N/A'}","{'Name': 'AC Service Dhanmondi', 'Email': 'N/A', 'Phone': '01760126623', 'Address': '61/5, Dhaka, Mohammadpur, Dhaka, 1207', 'Website': 'N/A'}","{'Name': 'Ac Servicing Center BD', 'Email': 'N/A', 'Phone': '01953531166', 'Address': 'House-18/1, Road-02 Block #C, Dhaka, Mohammadpur, Dhaka, 1207', 'Website': 'N/A'}","{'Name': 'Poppy - AC Service & Repair Center Bashundhara', 'Email': 'N/A', 'Phone': '01700912596', 'Address': 'House 166, 167 Road No 1, Dhaka, KhilkhetTSO, Dhaka, 1229', 'Website': 'N/A'}","{'Name': 'NR Aircon', 'Email': 'N/A', 'Phone': '01911987321', 'Address': '121, 6 Jonaki Rd, Dhaka, Mirpur, Dhaka, 1216', 'Website': 'https://nraircon.com/'}","{'Name': 'City Safe Engineering', 'Email': 'N/A', 'Phone': '01796215315', 'Address': 'Ka-60, Chowrasta, Khan Villah, Dhaka, Mirpur, Dhaka, 1216', 'Website': 'https://citysafe-engineering.com/'}","{'Name': 'Sunflower Air Conditioning', 'Email': 'N/A', 'Phone': '01864191155', 'Address': 'House-27 Road-27, Dhaka, Uttara Purba, Dhaka, 1230', 'Website': 'N/A'}"
"{'Name': 'Pest Control Service All Of Bangladesh Co.', 'Email': 'N/A', 'Phone': '01822361810', 'Address': 'https://bangladeshpestcontrolbd.com/', 'Website': 'https://bangladeshpestcontrolbd.com/'}","{'Name': 'Thanks Cleaning & Pest Control Service', 'Email': 'N/A', 'Phone': '01614159402', 'Address': 'Gulshan Badda Link Rd, Dhaka 1212, Gulshan Model Town, Dhaka, 1212', 'Website': 'https://pestcontrolservicebd.com/'}","{'Name': 'CARE PEST', 'Email': 'N/A', 'Phone': '01742550005', 'Address': 'House#42 ROAD#02 BLOCK#A SECTION#06 MIRPUR, Mirpur, Dhaka, 1216', 'Website': 'https://www.carepest.com.bd/'}","{'Name': 'Pest solution dhaka', 'Email': 'N/A', 'Phone': '01986637603', 'Address': 'Badda,Gulshan,link road, , Gulshan Model Town, Dhaka, 1212', 'Website': 'N/A'}","{'Name': 'Chaya Pest Control Shop', 'Email': 'N/A', 'Phone': '01954920966', 'Address': 'House-7, Avenue 4, Block-C, Near Progoti High School, Mirpur, Dhaka, 1216', 'Website': 'https://chayapestcontrol.com/'}","{'Name': 'All Cleaning & Pest Control Service', 'Email': 'N/A', 'Phone': '01934464051', 'Address': '120 Kemal Ataturk Ave, Dhaka 1213, Banani TSO, Dhaka, 1213', 'Website': 'N/A'}","{'Name': 'Ma Aysha Pest Control', 'Email': 'N/A', 'Phone': '01726983899', 'Address': 'Ka-23/1, shahjadpur, Vatara, Gulshan - 02, Dhaka, Bangladesh, Gulshan Model Town, Dhaka, 1212', 'Website': 'https://maayshapestcontrolbd.com/'}","{'Name': 'Pest N clean', 'Email': 'N/A', 'Phone': '01714111889', 'Address': '69/A, MIDDLE PIRERBAG, OPPOSITE OF PAKA MASJID, 60 FEET ROAD, MIRPUR DHAKA 1216, DHAKA, BANGLADESH, Mirpur, Dhaka, 1216', 'Website': 'https://www.pestnclean.net/'}","{'Name': 'Jahan Pest Control Service', 'Email': 'N/A', 'Phone': '01717958596', 'Address': 'Kha/55/A(2nd Floor), Bashtola Masjid Road, Shahjadpur,, Gulshan Model Town, Dhaka, 1212', 'Website': 'http://jahanpestcontrolbd.com'}","{'Name': 'Sky Pest Control', 'Email': 'N/A', 'Phone': '01789632320', 'Address': 'Hous No-65, 100 Shah-Ali Bagh, Mirpur-1, , Mirpur, Dhaka, 1216', 'Website': 'https://skypestcontrolbd.com/'}","{'Name': 'Green Earth Pest Control', 'Email': 'N/A', 'Phone': '01756316479', 'Address': ""222 Ali's Corner, North Badda,, Tejgaon TSO, Dhaka, 1215"", 'Website': 'https://greenearthpestcontrolbd.com/'}","{'Name': 'Thanks Cleaning & Pest Control', 'Email': 'N/A', 'Phone': '01357225559', 'Address': 'Gulshan Badda Link Rd, , Gulshan Model Town, Dhaka, 1212', 'Website': 'https://pestcontrolservicebd.com/'}"
"{'Name': 'JG Healthcare Ltd', 'Email': 'N/A', 'Phone': '01818775522', 'Address': 'MP Check Post, 167/4, 1st Floor Matikata, Near ECB Chattar, Dhaka 1206, Dhaka CantonmentTSO, Dhaka, 1206', 'Website': 'https://www.jghealthcare.com/'}","{'Name': 'AmarLab Diagnostic Center', 'Email': 'N/A', 'Phone': '01327416064', 'Address': 'F15, Kazi Bari Mor, Dhaka 1216, Mirpur, Dhaka, 1216', 'Website': 'https://amarlab.com/'}","{'Name': 'Concord Diagnostics & Molecular Lab Ltd', 'Email': 'N/A', 'Phone': '09606213233', 'Address': '4/1/A (7th Floor, Navana Newbury place, Sobhanbag Mirpur Rd, Dhaka 1207, Mohammadpur, Dhaka, 1207', 'Website': 'https://concorddiagnostics.com/services/'}","{'Name': 'Health Aid plus Diagnostic Center', 'Email': 'N/A', 'Phone': '01975644683', 'Address': 'Darul Ulum Madrasa Market, 35 Mirpur-13, Dhaka 1216, Mirpur, Dhaka, 1216', 'Website': 'N/A'}","{'Name': 'Shwapno General Hospital and Diagnostic Centre', 'Email': 'N/A', 'Phone': '01303221316', 'Address': 'Road-13,house-33, Rupnagar R/A, Dhaka, Bangladesh, 1216, Mirpur, Dhaka, 1216', 'Website': 'https://www.hia.care/H/ShwapnoGeneralHospitalandDiagnosticCentre'}","{'Name': 'Delta Health Care, Mirpur Limited', 'Email': 'N/A', 'Phone': '01841914914', 'Address': '11, Central Mosque, Bus Stand Mirpur, Dhaka 1216, Mirpur, Dhaka, 1216', 'Website': 'N/A'}","{'Name': 'Medinet Medical Services', 'Email': 'N/A', 'Phone': '01705458900', 'Address': 'Plot- 1,2,3, BNSB Bhaban, Mirpur-1, Dhaka-1216., Mirpur, Dhaka, 1216', 'Website': 'https://medinetbd.com/'}","{'Name': 'New Peacy Lab Ltd. Diagnostic Centre', 'Email': 'N/A', 'Phone': '01929349099', 'Address': '3rd Floor), 2-A, Apex Bhaban, 1 Darus Salam Rd, Dhaka 1216, Mirpur, Dhaka, 1216', 'Website': 'https://newpeacylab.com/'}","{'Name': 'Thyroid Care & Diagnostic Centre', 'Email': 'N/A', 'Phone': '01701660790', 'Address': 'Rupyan Latifa Shamsuddin Square, Plot No : 03 (8th Floor), Road No : 01, Block : G, Section : 01, Mirpur : 01,, Dhaka, Bangladesh, 1216, Mirpur, Dhaka, 1216', 'Website': 'https://tcdcbd.com/'}","{'Name': 'Health Point Diagnostic Services', 'Email': 'N/A', 'Phone': '01575325776', 'Address': '2nd Floor, Adept Moitry Complex, 571 ECB Chattor, Dhaka 1206, Dhaka CantonmentTSO, Dhaka, 1206', 'Website': 'N/A'}","{'Name': 'Health Labs Ltd.', 'Email': 'N/A', 'Phone': '01763800000', 'Address': '1041/2 A, East Shewrapara, Begum Rokeya Shoroni, Mirpur,, Dhaka, Bangladesh, 1216, Mirpur, Dhaka, 1216', 'Website': 'https://healthlabs.com.bd/'}","{'Name': 'Life Care Diagnostic Centre', 'Email': 'N/A', 'Phone': '01733333339', 'Address': 'Second Floor, Metro Rail Station, 888/1, East Shewrapara, Hazi Ashraf Ali Super Market, Dhaka 1216, Mirpur, Dhaka, 1216', 'Website': 'N/A'}"
"{'Name': 'Bangladesh University of Textiles', 'Email': 'N/A', 'Phone': 'N/A', 'Address': '92 Shaheed Tajuddin Ahmed Ave, Dhaka 1208, Dhaka Politechnic, Dhaka, 1208', 'Website': 'https://www.butex.edu.bd/homepage/'}","{'Name': 'Bangladesh University of Engineering and Technology', 'Email': 'N/A', 'Phone': 'N/A', 'Address': 'P9FV+728, Khaja Dewan 1st Ln, Dhaka, New Market TSO, Dhaka, 1205', 'Website': 'https://www.buet.ac.bd/web/#/'}","{'Name': 'Presidency University', 'Email': 'N/A', 'Phone': '01766554433', 'Address': '11/A Rd 92, Dhaka 1212, Gulshan Model Town, Dhaka, 1212', 'Website': 'https://pu.edu.bd/'}","{'Name': 'Canadian University of Bangladesh', 'Email': 'N/A', 'Phone': '01707070280', 'Address': 'RANGS RL SQUARE, PRAGATI SHARANI, Bir Uttam Rafiqul Islam Ave, Dhaka 1212v, Gulshan Model Town, Dhaka, 1212', 'Website': 'https://www.cub.edu.bd/'}","{'Name': 'Manarat International University', 'Email': 'N/A', 'Phone': '01780364415', 'Address': 'Plot # CEN-16, Rd 106, Dhaka 1212, Gulshan Model Town, Dhaka, 1212', 'Website': 'https://manarat.ac.bd/'}","{'Name': 'Queens University', 'Email': 'N/A', 'Phone': '01712657152', 'Address': 'House 43E, Block E, Road No. 17/A, Dhaka 1212, Gulshan Model Town, Dhaka, 1212', 'Website': 'N/A'}","{'Name': 'Fareast International University', 'Email': 'N/A', 'Phone': '01986810710', 'Address': 'House # 87, Road # 06 ব্লক # সি, Dhaka 1213, Banani TSO, Dhaka, 1213', 'Website': 'https://fiu.edu.bd/about-us/'}","{'Name': 'Royal University of Dhaka', 'Email': 'N/A', 'Phone': '01332544317', 'Address': 'House# 2 Rd 10, Dhaka 1213, Banani TSO, Dhaka, 1213', 'Website': 'https://www.royal.edu.bd/'}","{'Name': 'University of South Asia', 'Email': 'N/A', 'Phone': '01686265125', 'Address': 'House 76 & 78, Rd No # 14, Dhaka 1212, Gulshan Model Town, Dhaka, 1212', 'Website': 'https://www.southasiauni.ac.bd/'}","{'Name': 'Primeasia University', 'Email': 'N/A', 'Phone': '01958665501', 'Address': 'Star Tower, 12 Kemal Ataturk Ave, Dhaka 1213, Banani TSO, Dhaka, 1213', 'Website': 'https://primeasia.edu.bd/arc/'}","{'Name': 'Northern University Bangladesh (NUB)', 'Email': 'N/A', 'Phone': '01755514661', 'Address': 'Holding #13, Sher Tower, Road #17, Dhaka 1213, Banani TSO, Dhaka, 1213', 'Website': 'https://nub.ac.bd/'}","{'Name': 'University of Scholars', 'Email': 'N/A', 'Phone': '01629444666', 'Address': '40 Kemal Ataturk Ave, Dhaka 1213, Banani TSO, Dhaka, 1213', 'Website': 'N/A'}"
"{'Name': 'Studio Wide Angle', 'Email': 'N/A', 'Phone': '01764444567', 'Address': 'Level 3, House 1209, Road 10 Avenue 10, Dhaka 1216, Mirpur, Dhaka, 1216', 'Website': 'https://studiowideangle.com/'}","{'Name': 'Photo king studio', 'Email': 'N/A', 'Phone': '01994661506', 'Address': 'Road No. 2, Dhaka 1229, Khilkhet, Dhaka, 1229', 'Website': 'N/A'}","{'Name': 'Pic Visual', 'Email': 'N/A', 'Phone': '01345380206', 'Address': '3rd Floor, B Block, House No 04, Road No 02, Shekhertek, Mohammadpur, Dhaka 1207, 1207, Mohammadpur, Dhaka, 1207', 'Website': 'https://www.picvisual.com/'}","{'Name': 'Brandmark Studio', 'Email': 'N/A', 'Phone': '01609755009', 'Address': 'ouse #771 (Ground Floor), Road #10, Avenue #06, Mirpur DOHS, Dhaka, Bangladesh, 1216, Mirpur, Dhaka, 1216', 'Website': 'N/A'}","{'Name': 'Studio Fujia & Video', 'Email': 'N/A', 'Phone': '01676162636', 'Address': '1 No Super Market, Bus Stand, Dhaka 1216, Shah Ali, Dhaka, 1216', 'Website': 'N/A'}","{'Name': 'Nijol Creative', 'Email': 'N/A', 'Phone': '01707133554', 'Address': 'Flat: 1B, House: 58, Road: 3, Block: B Niketon, Gulshan-1, Dhaka, Bangladesh, 1215, Tejgaon, Dhaka, 1215', 'Website': 'https://www.nijolcreative.com/'}","{'Name': 'Hafsa Digital Studio & Colour Lab', 'Email': 'N/A', 'Phone': '01717365277', 'Address': 'Farajitola Solmaid Besite Apollo Hospital, Dhaka, Bangladesh, 1212, Gulshan, Dhaka, 1212', 'Website': 'N/A'}","{'Name': 'Studio ZED', 'Email': 'N/A', 'Phone': '01918935533', 'Address': 'Flat-C6 (Lift-5), House-494, Purbachol Garden, West Shewrapara, Mirpur, Dhaka, Bangladesh, 1216, Shah Ali, Dhaka, 1216', 'Website': 'N/A'}","{'Name': 'Gulshan Photo Studio', 'Email': 'N/A', 'Phone': '01729329757', 'Address': 'Shop # 10 (Ground Floor, Barun Bhaban, 15, 2 Gulshan Ave, Dhaka 1212, Gulshan, Dhaka, 1212', 'Website': 'N/A'}","{'Name': 'Studio De Zhossain', 'Email': 'N/A', 'Phone': '01841795080', 'Address': 'Lane 8, Dhaka 1216, Pallabi, Dhaka, 1216', 'Website': 'N/A'}","{'Name': 'Clipping service studio', 'Email': 'N/A', 'Phone': '01537593278', 'Address': 'House,115, Shell Tech, Begum Rokoy shoroni, Dhaka 1216, Shah Ali, Dhaka, 1216', 'Website': 'https://clippingservicestudio.com/'}","{'Name': ""Fonok's Photobox"", 'Email': 'N/A', 'Phone': '01977515062', 'Address': '95, 21 North Mugda, 1 Shah Noor Garden, Dhaka 1214, Mughda, Dhaka, 1214', 'Website': 'https://www.fonoks.com/'}"
"{'Name': 'Taqwa tailors & fabrics', 'Email': 'N/A', 'Phone': '01719033666', 'Address': 'Vatara, Badda Area, Gulshan Model Town, Dhaka, 1212', 'Website': 'N/A'}","{'Name': 'Banani Fabrics', 'Email': 'N/A', 'Phone': '01917095929', 'Address': 'Shop# 22,27,1st (Floor) Banani D.N.C.C Banani super market Banani, Banani TSO, Dhaka, 1213', 'Website': 'N/A'}","{'Name': 'Friends Tailors & Fabrics', 'Email': 'N/A', 'Phone': '01922775511', 'Address': 'Gp-Ka, 23 Progoti Shoroni, , KhilkhetTSO, Dhaka, 1229', 'Website': 'N/A'}","{'Name': 'Shrestho Boutique', 'Email': 'N/A', 'Phone': '01739278302', 'Address': 'Outlet No.246, 1st Floor, Confidence Shopping Mall, Shahjadpur, Gulshan-2, , Gulshan Model Town, Dhaka, 1212', 'Website': 'https://shreshtho.com/category/women-fashion'}","{'Name': 'Nabila', 'Email': 'N/A', 'Phone': '01632132259', 'Address': 'Level 5, Elegant Square, Plot 3/B, Road 111, Gulshan Avenue (Opposite Azad Mosque), , Gulshan Model Town, Dhaka, 1212', 'Website': 'http://www.nabila.com.bd/'}","{'Name': '𝐓𝐀𝐈𝐋𝐎𝐑 𝐅𝐈𝐓 - 𝙱𝚎𝚜𝚙𝚘𝚔𝚎', 'Email': 'N/A', 'Phone': '01934151916', 'Address': 'Block #K, Ground Floor, House #18 Rd 24, , Banani TSO, Dhaka, 1213', 'Website': 'https://www.tailorfitbespoke.com/'}","{'Name': 'Faabrico', 'Email': 'N/A', 'Phone': '01714793555', 'Address': '5th Floor, Lake Manor, House 9 Rd 35, , Gulshan Model Town, Dhaka, 1212', 'Website': 'https://faabrico.com.bd/'}","{'Name': 'Roshni Boutiques', 'Email': 'N/A', 'Phone': '01727636053', 'Address': '25/1, Tollabag, Sher-E-Bangla Road, Rayer Bazar, Dhaka, Dhanmondi, Dhaka, 1209', 'Website': 'N/A'}","{'Name': 'Jubilation - Fine Artisanal Garments', 'Email': 'N/A', 'Phone': '01326883863', 'Address': 'Shop 53 (Level 3, 43 Felani Ave, Dhaka, Gulshan Model Town, Dhaka, 1212', 'Website': 'https://www.thejubilation.com/'}","{'Name': 'Sitr Tailors BD', 'Email': 'N/A', 'Phone': '01793652915', 'Address': 'Kawla (Kawlar Bazar, Dhaka, KhilkhetTSO, Dhaka, 1229', 'Website': 'https://www.sitrtailorsbd.com/'}","{'Name': 'Meehra Boutiques & Tailors', 'Email': 'N/A', 'Phone': '01581376285', 'Address': '35/S-4, Block-L, Eastern Housing 2 Phase, Rupnagar, Mirpur, , Mirpur, Dhaka, 1216', 'Website': 'N/A'}","{'Name': 'Rainbow Boutiques', 'Email': 'N/A', 'Phone': '01911951721', 'Address': 'D.M.C 451/B, South Kafrul, Adjacent Ice Cream Factory, Dhaka Cantt.,, Dhaka CantonmentTSO, Dhaka, 1206', 'Website': 'N/A'}"
"{'Name': '10MS IELTS', 'Email': 'N/A', 'Phone': '01896016257', 'Address': 'Lift: 8, House: 2, Road: 7, Sector: 3, Uttara, Dhaka (Opposite of Rajlokkhi Complex), Dhaka 1230, Uttara Purba, Dhaka, 1230', 'Website': 'https://10minuteschool.com/english-centre/#our-programmes'}","{'Name': 'Radius', 'Email': 'N/A', 'Phone': '01921220618', 'Address': 'Plot-7 Rd - 17, Dhaka 1230, Uttara Purba, Dhaka, 1230', 'Website': 'N/A'}","{'Name': 'TalentHut', 'Email': 'N/A', 'Phone': '01611237734', 'Address': '03, House no #08, 4th Floor, Rd No: 10, Dhaka 1230, Uttara Purba, Dhaka, 1230', 'Website': 'https://talenthutbd.com/'}","{'Name': 'limestone Academy', 'Email': 'N/A', 'Phone': '01912131773', 'Address': 'house-39 Rd No 16, Dhaka 1230, Uttara Purba, Dhaka, 1230', 'Website': 'N/A'}","{'Name': 'Unmesh', 'Email': 'N/A', 'Phone': '01787687510', 'Address': '12 Service Road, Dhaka 1230, Uttar Khan, Dhaka, 1230', 'Website': 'https://www.unmeshbd.com/HomePage'}","{'Name': 'iONiQ Learning', 'Email': 'N/A', 'Phone': '01517117627', 'Address': 'house - 71, Academia, Road No. 12, Dhaka 1230, Uttara Purba, Dhaka, 1230', 'Website': 'N/A'}","{'Name': 'NextU', 'Email': 'N/A', 'Phone': '01534849510', 'Address': 'Rd Number 11, Dhaka 1230, Uttara Purba, Dhaka, 1230', 'Website': 'N/A'}","{'Name': 'British American Resource Center', 'Email': 'N/A', 'Phone': '01617302012', 'Address': 'Level-3, House: 14-16, Khan Tower, 12 Sonargaon Janapath Rd, Dhaka 1230, Uttara Purba, Dhaka, 1230', 'Website': 'https://hellobarc.com/'}","{'Name': 'Gradient Education', 'Email': 'N/A', 'Phone': '01714077039', 'Address': '2nd Floor, House-38 Road-08, Dhaka 1230, Uttara Purba, Dhaka, 1230', 'Website': 'N/A'}","{'Name': ""Liakat's English"", 'Email': 'N/A', 'Phone': '01945666777', 'Address': 'Room No -901, Level -9, BNS Center, Uttara Purba, Dhaka, 1230', 'Website': 'N/A'}","{'Name': 'ACE PTE', 'Email': 'N/A', 'Phone': '01740014145', 'Address': '13 Rd No. 17/A, Dhaka 1230, Uttara Purba, Dhaka, 1230', 'Website': 'https://acepte.com.au/'}","{'Name': 'BCS Confidence', 'Email': 'N/A', 'Phone': '01922101508', 'Address': 'Hossain Tower, 103 Dhaka - Mymensingh Rd, Dhaka 1230, Uttara Purba, Dhaka, 1230', 'Website': 'N/A'}"
"{'Name': 'Rupayan Jewellers', 'Email': 'N/A', 'Phone': '01401071298', 'Address': 'Level-03, Shop:411-412, Uttara Square Shopping Mall, Dhaka 1230, Uttara Purba, Dhaka, 1230', 'Website': 'N/A'}","{'Name': ""Arju's"", 'Email': 'N/A', 'Phone': '01623991386', 'Address': '10 Rd No. 1A, Dhaka 1230, Uttara Purba, Dhaka, 1230', 'Website': 'N/A'}","{'Name': 'Pearl House Jewellers', 'Email': 'N/A', 'Phone': '01716129888', 'Address': 'Shop No-210, Leave -3, House building, Dhaka 1210, Posta TSO, Dhaka, 1211', 'Website': 'N/A'}","{'Name': 'Kohinoor Diamond & Gold', 'Email': 'N/A', 'Phone': '01740220779', 'Address': '2nd Floor, Shop- 213, House building, Dhaka 1230, Uttara Purba, Dhaka, 1230', 'Website': 'N/A'}","{'Name': 'TAJMAHAL GEMS WORLD', 'Email': 'N/A', 'Phone': '01711192111', 'Address': 'Tropical Alauddin Tower Shopping Complex, Shop 526-527, Level 4 Road 02, Sector 03, Dhaka 1230, Uttara Purba, Dhaka, 1230', 'Website': 'N/A'}","{'Name': 'I.K Gold & Diamond', 'Email': 'N/A', 'Phone': '01789908326', 'Address': '607, Grand Zam Zam Tower, 11 No. Chowrasta, Uttara, Dhaka 1230, Uttara Purba, Dhaka, 1230', 'Website': 'N/A'}","{'Name': 'Gems Gallery', 'Email': 'N/A', 'Phone': '01841712060', 'Address': 'Q94F+66Q, Road No. 16, Dhaka 1205, New Market TSO, Dhaka, 1205', 'Website': 'N/A'}","{'Name': 'Arabians Gold', 'Email': 'N/A', 'Phone': '01734698466', 'Address': 'Shop-118, 1st Floor, Shimanto Square, Dhanmondi B G.B Gate, Dhaka 1205, New Market TSO, Dhaka, 1205', 'Website': 'N/A'}","{'Name': 'Kristi Gold Plated Jewellery', 'Email': 'N/A', 'Phone': '01928908804', 'Address': 'Shop No: 231, House No: 1, Metro Shopping Mall, Road No: 12(New), Dhanmondi, Dhaka 1209, Dhanmondi, Dhaka, 1209', 'Website': 'N/A'}","{'Name': 'Divine Gold & Diamond', 'Email': 'N/A', 'Phone': '01311779595', 'Address': 'Room No-119, PO, Metro Shopping Mall, House No, 01 Rd No 12, Dhaka 1205, New Market TSO, Dhaka, 1205', 'Website': 'N/A'}","{'Name': 'Diamond Paradise', 'Email': 'N/A', 'Phone': '01324944823', 'Address': 'Shop No-1003,1st Floor, Shimanto Shambhar Shopping Mall, Dhanmondi-2, Dhaka 1209, Dhanmondi, Dhaka, 1209', 'Website': 'https://diamondparadisebd.com/'}","{'Name': 'Green Jewellers', 'Email': 'N/A', 'Phone': '01911040189', 'Address': '214, Green jewellers, East Rayer Bazar - Sanker Rd, Dhaka 1207, Mohammadpur, Dhaka, 1207', 'Website': 'N/A'}"
"{'Name': 'Comfort Construction & Engineering', 'Email': 'N/A', 'Phone': '01725681681', 'Address': 'House 1&2, Avenue-02, Block- D section-12 Mirpur-1216, Dhaka, Bangladesh, 1216, Mirpur, Dhaka, 1216', 'Website': 'https://comfortconstruction.blogspot.com/'}","{'Name': 'NDE-National Development Engineers Ltd.', 'Email': 'N/A', 'Phone': 'N/A', 'Address': 'NDE House, House#22, Road#4, Block#C, Banani, Bangladesh., Dhaka, Bangladesh, Banani TSO, Dhaka, 1213', 'Website': 'https://nde.com.bd/'}","{'Name': 'Jamil Iqbal Ltd.', 'Email': 'N/A', 'Phone': 'N/A', 'Address': 'H# 543, Road#08 Ave#06, Dhaka 1216, Mirpur, Dhaka, 1216', 'Website': 'https://jamiliqbal.com/'}","{'Name': 'Bangladesh Association of Construction Industry', 'Email': 'N/A', 'Phone': 'N/A', 'Address': '3rd Floor, UCBL Dhanmondi Branch Building, Nahar Green Summit, House # 43 Rd 16, Dhaka 1209, Dhanmondi, Dhaka, 1209', 'Website': 'N/A'}","{'Name': 'Conspert Limited', 'Email': 'N/A', 'Phone': '01886788890', 'Address': '4th Floor (4B), House #189 Block #B, Main Road Dhaka, 1229, KhilkhetTSO, Dhaka, 1229', 'Website': 'https://www.conspert.com/'}","{'Name': 'Altra Construction Chemical Company Ltd', 'Email': 'N/A', 'Phone': '01324449702', 'Address': '15/2, Level-8, Mamtaz Heights, Mirpur Road, Shyamoli, Dhaka-1207 Bangladesh, Mohammadpur, Dhaka, 1207', 'Website': 'https://www.altrabd.com/'}","{'Name': 'A2 Construction', 'Email': 'N/A', 'Phone': '01775854654', 'Address': '127, Road-01, Avenue-01, Mirpur-12, Dhaka 1216, Mirpur, Dhaka, 1216', 'Website': 'N/A'}","{'Name': 'K & B Construction Ltd', 'Email': 'N/A', 'Phone': '01896092691', 'Address': '125/1 (2nd Floor), Begum Rokeya Sarani, Mirpur-10, Dhaka-1216, Bangladesh, Mirpur, Dhaka, 1216', 'Website': 'https://knbbd.com/'}","{'Name': 'DIENCO LIMITED', 'Email': 'N/A', 'Phone': '01912800269', 'Address': 'Suite-4A, Nakshi Home, 6/1/A Topkhana Road, Segunbagicha,Dhaka-1000, Dhaka GPO, Dhaka, 1000', 'Website': 'http://diencobd.com/#'}","{'Name': 'Homes 71 Ltd.', 'Email': 'N/A', 'Phone': '01991140200', 'Address': 'House No: 439, Road: 06, Avenue: 06, Mirpur DOHS, Dhaka-1216, Dhaka, Bangladesh, Mirpur, Dhaka, 1216', 'Website': 'https://www.homes71.com.bd/'}","{'Name': 'MACON ENGINEERING', 'Email': 'N/A', 'Phone': '01518436533', 'Address': 'GF, H:23, Road: 22 Block:D, Dhaka 1216, Mirpur, Dhaka, 1216', 'Website': 'https://www.maconiac.com/'}","{'Name': 'Bkolpo Construction Limited', 'Email': 'N/A', 'Phone': '01730742238', 'Address': 'Tokyo Tower(6th Floor) CeragAli, Tongi, Gazipur-1711, Bangladesh, Nishat Nagar, Gazipur, 1711', 'Website': 'https://bkolpo.com.bd/'}"
"{'Name': 'Banani Decorator & Event Management LTD.', 'Email': 'N/A', 'Phone': '01711200440', 'Address': 'H 79, 1 New Airport Road, Dhaka 1212, Gulshan, Dhaka, 1212', 'Website': 'N/A'}","{'Name': 'Dhaka Event Management', 'Email': 'N/A', 'Phone': '01638651413', 'Address': '11 Road No. 11, Dhaka 1216, Mirpur, Dhaka, 1216', 'Website': 'N/A'}","{'Name': 'Lily event', 'Email': 'N/A', 'Phone': '01704741942', 'Address': 'Matikata Rd, Dhaka 1216, Pallabi, Dhaka, 1216', 'Website': 'N/A'}","{'Name': 'Bloomz Event Management', 'Email': 'N/A', 'Phone': '01611122278', 'Address': 'House No: 53, Road No: 1, Block: A, Dhaka 1212, Gulshan, Dhaka, 1212', 'Website': 'N/A'}","{'Name': 'Mirror Event Management Ltd', 'Email': 'N/A', 'Phone': '01401714010', 'Address': 'House 257, Road 3, Dhaka 1206, Cantonment, Dhaka, 1206', 'Website': 'N/A'}","{'Name': 'Bind Event & Communication', 'Email': 'N/A', 'Phone': '01711731375', 'Address': 'House # 04, Road # 3/A, Sector #15/E, Uttara, Dhaka-1230, Bangladesh, Uttara Purba, Dhaka, 1230', 'Website': 'https://bindevent.com/'}","{'Name': 'Eventco', 'Email': 'N/A', 'Phone': '01717158353', 'Address': 'House No#46, Road 7/C, Sector 09, Uttara,, Dhaka, Bangladesh, 1230, Uttara Purba, Dhaka, 1230', 'Website': 'https://eventcobd.com/'}","{'Name': 'Maa Event Management and Catering', 'Email': 'N/A', 'Phone': '01671711933', 'Address': 'Ka-44/2, Kalachandpur, Gulshan-2,, Dhaka, Bangladesh, 1212, Gulshan, Dhaka, 1212', 'Website': 'N/A'}","{'Name': 'Kobita Event Management', 'Email': 'N/A', 'Phone': '01776397556', 'Address': 'House 23/24 Road 05 Block C Mirpur 12 House 23/24 Road 05, Mirpur 12, Dhaka, Pallabi, Dhaka, 1216', 'Website': 'N/A'}","{'Name': 'Fahim Event Management', 'Email': 'N/A', 'Phone': '01911338585', 'Address': 'Block-D, House-16 Rd 14, Dhaka 1216, Pallabi, Dhaka, 1216', 'Website': 'N/A'}","{'Name': 'H2O Event Management', 'Email': 'N/A', 'Phone': '01732165255', 'Address': 'Block G, House no 10, Road no 10 pallabi extension, Mirpur, Bangladesh, Pallabi, Dhaka, 1216', 'Website': 'N/A'}","{'Name': 'Dhaka Event Planner', 'Email': 'N/A', 'Phone': '01727710506', 'Address': 'https://dhakaeventplanner.com/', 'Website': 'https://dhakaeventplanner.com/'}"
"{'Name': 'BD Furniture', 'Email': 'N/A', 'Phone': '01678210201', 'Address': 'fakhrul habib Ave, Dhaka, Banani, Dhaka, 1213', 'Website': 'N/A'}","{'Name': 'ART Furnishers', 'Email': 'N/A', 'Phone': '01833557788', 'Address': '8 Rd 8, Dhaka 1213, Banani, Dhaka, 1213', 'Website': 'N/A'}","{'Name': 'Badda Furniture', 'Email': 'N/A', 'Phone': '01677850810', 'Address': '42 Shadhinata Sharani, Dhaka 1212, Gulshan, Dhaka, 1212', 'Website': 'N/A'}","{'Name': 'Red Rose Cane Furniture & Interior', 'Email': 'N/A', 'Phone': '01624914609', 'Address': 'H- 79, Block -E Dhaka - Mymensingh Hwy, Dhaka 1213, Banani, Dhaka, 1213', 'Website': 'N/A'}","{'Name': 'Ashley Furniture', 'Email': 'N/A', 'Phone': '01313012571', 'Address': 'House -108 First Floor, Gulshan Ave, Dhaka 1212, Gulshan, Dhaka, 1212', 'Website': 'N/A'}","{'Name': 'wooden nice furniture', 'Email': 'N/A', 'Phone': '01671733613', 'Address': 'House-7/A Road No. 41, Dhaka 1212, Gulshan, Dhaka, 1212', 'Website': 'N/A'}","{'Name': 'Woodmarc Dhaka', 'Email': 'N/A', 'Phone': '01782474520', 'Address': 'House#CWN(A)15/1, Road#35,Gulshan#2, Dhaka 1212, Gulshan, Dhaka, 1212', 'Website': 'N/A'}","{'Name': 'MAAK FURNITURE', 'Email': 'N/A', 'Phone': '01301248102', 'Address': 'bti LANDMARK, 16 Gulshan Ave, Dhaka 1212, Gulshan, Dhaka, 1212', 'Website': 'http://www.maakfurniture.com/'}","{'Name': 'HATIL Furniture', 'Email': 'N/A', 'Phone': '01730731270', 'Address': 'https://hatil.com/living-room-furniture-price-in-bangladesh', 'Website': 'https://hatil.com/living-room-furniture-price-in-bangladesh'}","{'Name': 'Empire Furniture', 'Email': 'N/A', 'Phone': '01979224685', 'Address': 'CW.S(C)7A, Gulshan Point, Gulshan South Avenue, Gulshan-1, Dhaka 1212, Gulshan, Dhaka, 1212', 'Website': 'N/A'}","{'Name': 'Renaissance Decor', 'Email': 'N/A', 'Phone': '01613599999', 'Address': 'Level 4 & 5, Asfia Tower, Plot 76 Road No. 11, Dhaka 1213, Banani, Dhaka, 1213', 'Website': 'N/A'}","{'Name': 'Veneto', 'Email': 'N/A', 'Phone': '01711358726', 'Address': 'B2, 1st Floor, Point Eleven, House#25, Road#11 Block-H, Dhaka 1213, Banani, Dhaka, 1213', 'Website': 'N/A'}"
"{'Name': 'BAF Shaheen College Kurmitola', 'Email': 'N/A', 'Phone': '01647849974', 'Address': 'Dhaka Cantonment, Dhaka, Dhaka CantonmentTSO, Dhaka, 1206', 'Website': 'https://bafsk.edu.bd/'}","{'Name': 'Govt. Science College, Tejgaon', 'Email': 'N/A', 'Phone': 'N/A', 'Address': 'Q94V+F6H, 34/B, West Farmgate - Tejturi Bazar Rd, Dhaka, Tejgaon TSO, Dhaka, 1215', 'Website': 'https://www.gsctd.edu.bd/'}","{'Name': 'Ideal School and College', 'Email': 'N/A', 'Phone': '01711273586', 'Address': 'Motijhil, Motijheel, Dhaka, 1000', 'Website': 'N/A'}","{'Name': 'Dhaka Residential Model College', 'Email': 'N/A', 'Phone': 'N/A', 'Address': 'Mohammadpur, Mohammadpur, Dhaka, 1207', 'Website': 'N/A'}","{'Name': 'DHAKA COMMERCE COLLEGE', 'Email': 'N/A', 'Phone': 'N/A', 'Address': 'N/A', 'Website': 'N/A'}","{'Name': 'Japan International Dream School & College', 'Email': 'N/A', 'Phone': '01762083119', 'Address': 'N/A', 'Website': 'N/A'}","{'Name': 'New Govt. Degree College, Rajshahi', 'Email': 'N/A', 'Phone': '01711905969', 'Address': 'N/A', 'Website': 'N/A'}","{'Name': 'Govt. Hazi Muhammad Mohsin College, Chittagong', 'Email': 'N/A', 'Phone': '01559065001', 'Address': 'N/A', 'Website': 'N/A'}","{'Name': 'Holy Cross College', 'Email': 'N/A', 'Phone': 'N/A', 'Address': 'N/A', 'Website': 'N/A'}","{'Name': 'Adamjee Cantonment College', 'Email': 'N/A', 'Phone': 'N/A', 'Address': 'N/A', 'Website': 'N/A'}","{'Name': 'Rajuk Uttara Model College', 'Email': 'N/A', 'Phone': '01714034441', 'Address': 'N/A', 'Website': 'N/A'}","{'Name': 'Govt. Azizul Haque College', 'Email': 'N/A', 'Phone': '01711104636', 'Address': 'N/A', 'Website': 'N/A'}"
"{'Name': 'Rejuvenate', 'Email': 'N/A', 'Phone': '01406699612', 'Address': 'Basement 1 (same floor, as Unimart, Gulshan Centre Point, Dhaka, Gulshan Model Town, Dhaka, 1212', 'Website': 'https://www.rejuvenatebd.com/'}","{'Name': ""Tisha's Beauty Hub TBH"", 'Email': 'N/A', 'Phone': '01686902284', 'Address': 'Banani, Road 11, House 118, 7th Floor, Block E, Sheltech Northern Star. (Cafe Sao Paulo Building, Opposite of Kavazo/City Bank), Gulshan Model Town, Dhaka, 1212', 'Website': 'https://www.tishasbeautyhub.com/'}","{'Name': 'Adonis Mens Grooming Salon', 'Email': 'N/A', 'Phone': '01919700800', 'Address': 'Holding - 99, Rupayan Golden Age, Road - 37 Gulshan Ave, Gulshan Model Town, Dhaka, 1212', 'Website': 'https://maps.app.goo.gl/sc4wzBHHvLQhUwwJ7'}","{'Name': ""Woman's World"", 'Email': 'N/A', 'Phone': '01999444422', 'Address': '74 Jawad Tower(3rd Floor), Plot-74, Block-D, Level 3, Chiriakhana Road, (Opposite of Eidgah Field) Mirpu, Mirpur, Dhaka, 1216', 'Website': 'https://womansworldbd.com/'}","{'Name': 'RDH Makeover & Skin Care Salon', 'Email': 'N/A', 'Phone': '01816692115', 'Address': 'House-21, Road-02, Section-06 Block-D, Pallabi, Mirpur, Mirpur, Dhaka, 1216', 'Website': 'https://coral-alpaca-767390.hostingersite.com/'}","{'Name': 'Romoni Services Ltd.', 'Email': 'N/A', 'Phone': '01905406386', 'Address': 'House# 1266, Road# 10, Ave# 02, Mirpur DOHS, Mirpur, Dhaka, 1216', 'Website': 'https://www.romoni.com.bd/'}","{'Name': 'Montresor Beauty Lounge', 'Email': 'N/A', 'Phone': '01713099899', 'Address': 'Sima Blossom (Ground Floor), House # 03, Road # 16 (New) 27 (Old), Dhanmondi R/A, Dhanmondi, Dhaka, 1209', 'Website': 'https://montresorbd.com/'}","{'Name': ""Dream's Beauty Parlour & Fitness Club"", 'Email': 'N/A', 'Phone': '01713429741', 'Address': 'House:33, Road:01, Dhanmondi, New Market TSO, Dhaka, 1205', 'Website': 'https://sites.google.com/view/dreamsbeauty'}","{'Name': 'VitaSkin', 'Email': 'N/A', 'Phone': '01828336507', 'Address': 'Delvistaa Fuljhuri (level: 9), 59 (new), Satmasjid Road, Dhanmondi, Dhanmondi, Dhaka, 1209', 'Website': 'https://www.vitaskinclinic.com/'}","{'Name': 'The White Chair', 'Email': 'N/A', 'Phone': '01711128052', 'Address': 'Lake Palisade 23, Road: 27, Dhanmondi, New Market TSO, Dhaka, 1205', 'Website': 'https://www.thewhitechair.co.uk/'}","{'Name': 'Glamour World', 'Email': 'N/A', 'Phone': '01703774024', 'Address': 'Benaroshi Palli, Mirpur-10, Mirpur, Dhaka, 1216', 'Website': 'https://theglamourworld.com/'}","{'Name': 'Persona Adams', 'Email': 'N/A', 'Phone': '01777799220', 'Address': '2nd Floor, Plot 1, Avenue 4 Block C, Section 6, Mirpur, Dhaka, Mirpur, Dhaka, 1216', 'Website': 'https://persona.com.bd/'}"
"{'Name': 'Rents Corporation', 'Email': 'N/A', 'Phone': '01616191191', 'Address': 'Road: 24, Gulshan-02, Dhaka, Bangladesh, 1212, Gulshan Model Town, Dhaka, 1212', 'Website': 'https://rents.com.bd/'}","{'Name': 'Edison Real Estate', 'Email': 'N/A', 'Phone': '09610916760', 'Address': 'Rangs Babylonia, 246, Bir Uttam Mir Shawkat Sarak, Dhaka, Bangladesh, 1208, Dhaka Politechnic, Dhaka, 1208', 'Website': 'https://edisonrealestatebd.com/'}","{'Name': 'Melody Housing Agency', 'Email': 'N/A', 'Phone': '01955443322', 'Address': '2nd Floor (2B), House: 14/A, Road: 02, Block: L, Banani, Dhaka-1213, Banani TSO, Dhaka, 1213', 'Website': 'https://melodyhousingagency.com/'}","{'Name': 'Tinfo Property', 'Email': 'N/A', 'Phone': '01871019999', 'Address': 'Plot: 19 and 20, Road: 113/A, Gulshan-02, Dhaka-1212, Bangladesh, Gulshan Model Town, Dhaka, 1212', 'Website': 'https://tinfoproperty.com/'}","{'Name': 'Century Group', 'Email': 'N/A', 'Phone': '01915476605', 'Address': 'Kha-225, Pragoti sarani, Bir Uttam Rafiqul Islam Avenue, Dhaka, Gulshan Model Town, Dhaka, 1212', 'Website': 'N/A'}","{'Name': 'GNTA Properties Ltd', 'Email': 'N/A', 'Phone': '01790875917', 'Address': 'House 14, Road 137, Gulshan 1, Dhaka, Bangladesh, Gulshan Model Town, Dhaka, 1212', 'Website': 'N/A'}","{'Name': 'Sharif Properties Service', 'Email': 'N/A', 'Phone': '01636333333', 'Address': 'Block-L, House-3 Rd No. 2/2, Dhaka, Banani TSO, Dhaka, 1213', 'Website': 'N/A'}","{'Name': 'Property Choice', 'Email': 'N/A', 'Phone': '01944400001', 'Address': 'House 13/A Road 83, Dhaka, Gulshan Model Town, Dhaka, 1212', 'Website': 'N/A'}","{'Name': 'Starpath Property Exchange', 'Email': 'N/A', 'Phone': '09610969621', 'Address': 'House-12 ,Road-137, Gulshan-1, Dhaka, Bangladesh, Gulshan Model Town, Dhaka, 1212', 'Website': 'N/A'}","{'Name': 'Brokerage', 'Email': 'N/A', 'Phone': '09613191919', 'Address': 'bti Celebration Point, Plot: 3 & 5, Road: 113/A, Gulshan-2, Dhaka, Gulshan Model Town, Dhaka, 1212', 'Website': 'https://brokeragebd.com/'}","{'Name': 'Sunstar Real Estate Limited', 'Email': 'N/A', 'Phone': '01711590580', 'Address': 'House-15(3rd Floor, 1219 Banasree Main Rd, Dhaka, KhilgaonTSO, Dhaka, 1219', 'Website': 'N/A'}","{'Name': 'Century Realtor BD', 'Email': 'N/A', 'Phone': '01975244821', 'Address': 'House, 14D Rd Number 2, Dhaka, Banani TSO, Dhaka, 1213', 'Website': 'N/A'}"
"{'Name': 'ERA', 'Email': 'N/A', 'Phone': '01711954094', 'Address': '5, 1 Hajipara, Malibag, Dhaka 1219, KhilgaonTSO, Dhaka, 1219', 'Website': 'N/A'}","{'Name': 'M/S MOLLA Enterprise', 'Email': 'N/A', 'Phone': '01712671915', 'Address': '1084 Khilbarir Tek Rd, Dhaka 1212, Gulshan Model Town, Dhaka, 1212', 'Website': 'N/A'}","{'Name': 'Poshra', 'Email': 'N/A', 'Phone': '09638300700', 'Address': 'House#33 Rd Number 35/A, Dhaka 1212, Gulshan Model Town, Dhaka, 1212', 'Website': 'N/A'}","{'Name': 'Sheba.xyz', 'Email': 'N/A', 'Phone': '09678016516', 'Address': 'Plot: 2, Road: 11, Block: H, M&S Tower, Dhaka 1213, Banani TSO, Dhaka, 1213', 'Website': 'https://www.sheba.xyz/plumber'}","{'Name': 'Poshora', 'Email': 'N/A', 'Phone': '01321211939', 'Address': 'House#33 Rd Number 35/A, Dhaka 1212, Gulshan Model Town, Dhaka, 1212', 'Website': 'https://www.poshorabd.com/'}","{'Name': 'Millat Pumps Limited', 'Email': 'N/A', 'Phone': '01819603147', 'Address': 'amin Apon Heights, Level-13/A, Road# 03, Shymoli, Dhaka, Mohammadpur, Dhaka, 1207', 'Website': 'https://millatpump.com/'}","{'Name': 'Power Fix Ltd', 'Email': 'N/A', 'Phone': '01710965725', 'Address': 'House 38 Road-06, Dhaka 1230, Uttara Purba, Dhaka, 1230', 'Website': 'N/A'}","{'Name': 'Fixora BD', 'Email': 'N/A', 'Phone': '01624211412', 'Address': 'Road-2, Mirpur - 2, Dhaka - 1216, Bangladesh, Mirpur, Dhaka, 1216', 'Website': 'https://fixorabd.com/plumber-service/'}","{'Name': 'Saifa Plumbing', 'Email': 'N/A', 'Phone': '01922566666', 'Address': 'House No-01, Road No-1, Block-D, Dhaka Udyan, Mohammadpur, 1207, Dhaka, Mohammadpur, Dhaka, 1207', 'Website': 'https://saifaplumbingbd.com'}","{'Name': 'China Genset Generator Manufacturers Co., Ltd.', 'Email': 'N/A', 'Phone': 'N/A', 'Address': 'NO.93, East Hubin Road, Xiamen, Fujian, China, Chittagong Bandar, Chittagong, 4100', 'Website': 'https://genset-generator-suppliers.com/'}",,
"{'Name': 'Bodybuilding BD', 'Email': 'bodybuildingbd01@57#', 'Phone': '01972358457', 'Address': '21/A, Mahbub Plaza, Topkhana Road,Dhaka-1000, Bangladesh, Motijheel, Dhaka, 1000', 'Website': 'https://bodybuilding.com.bd/'}","{'Name': 'Super Fit Gym', 'Email': 'N/A', 'Phone': '01770031101', 'Address': '15/7, Borobag, Mirpur-2 (In front of Monipur Boys High School), Mirpur, Dhaka, 1216', 'Website': 'https://superfitgym.com.bd/'}","{'Name': 'Aamra Active | Best Gym in Gulshan Dhaka', 'Email': 'N/A', 'Phone': '01731003727', 'Address': 'House - 8 Rd No. 50, Dhaka, Bangladesh, Gulshan Model Town, Dhaka, 1212', 'Website': 'https://aamraactive.com/'}","{'Name': 'Fitness Art Gym Shyamoli', 'Email': 'N/A', 'Phone': '01749898854', 'Address': 'Shyamoli PC Culture Mobile Market Lift 4, Dhaka, Bangladesh, Mohammadpur, Dhaka, 1207', 'Website': 'https://www.fitnessartgymshyamoli.com/'}","{'Name': 'Fitness plus', 'Email': 'N/A', 'Phone': '01317998899', 'Address': 'Level 5, House 7A Road No. 41, Dhaka, Gulshan Model Town, Dhaka, 1212', 'Website': 'https://fitnessplus.club/'}","{'Name': ""Gold's Gym Bangladesh"", 'Email': 'N/A', 'Phone': '01969900555', 'Address': 'Block N Bashundhara Sports City, Dhaka, KhilkhetTSO, Dhaka, 1229', 'Website': 'N/A'}","{'Name': 'Rayo Fitness', 'Email': 'N/A', 'Phone': '01711996444', 'Address': '7th Floor, Rajanighanda Complex, 66 Green Road, Signal, Panthapath, Dhaka, New Market TSO, Dhaka, 1205', 'Website': 'https://www.rayo.fitness/'}","{'Name': 'Unique Lifestyle Gym & Fitness', 'Email': 'N/A', 'Phone': '01750024312', 'Address': '196/8, Dhaka, Shantinagr TSO, Dhaka, 1217', 'Website': 'https://www.uniquelifestylegym.fit'}","{'Name': 'Inspire Fitness by Sohel Taj', 'Email': 'N/A', 'Phone': '01755576443', 'Address': '51 Satmasjid Road, Dhaka, Dhanmondi, Dhaka, 1209', 'Website': 'https://inspirefitnessbd.net/'}","{'Name': 'Multi Gym Premium', 'Email': 'N/A', 'Phone': '01313197435', 'Address': 'Plot No. 24/1-24/2, 4th & 5th Floor, Shiya Masjid Mor, Ring Rd, Dhaka, Mohammadpur, Dhaka, 1207', 'Website': 'https://www.multigympremium.com/'}",,
"{'Name': 'Timodesk', 'Email': 'N/A', 'Phone': '01811797272', 'Address': 'Uttara Sector#11 House#60 Road#20, Dhaka 1230, Uttara Paschim, Dhaka, 1230', 'Website': 'https://timodesk.com/'}","{'Name': 'SMMSun', 'Email': 'N/A', 'Phone': 'N/A', 'Address': 'Dhaka Bangladesh 1216, Mirpur, Dhaka, 1216', 'Website': 'https://smmsun.com/'}","{'Name': 'SEO Expert in Bangladesh - Tanveer Evan Rahat', 'Email': 'N/A', 'Phone': '01980934436', 'Address': '17th Floor, Rupayan Trade Center, Dhaka, New Market TSO, Dhaka, 1205', 'Website': 'N/A'}","{'Name': 'HRSOFT', 'Email': 'N/A', 'Phone': '01709372481', 'Address': 'P-7, Nurjahan Road, Mohammadpur, Mohammadpur, Dhaka, 1207', 'Website': 'https://hrsoftbd.com/'}","{'Name': 'Maa Computer And CCTV Corner', 'Email': 'N/A', 'Phone': '01611936823', 'Address': 'N/A', 'Website': 'N/A'}","{'Name': 'Md Faruk Khan', 'Email': 'N/A', 'Phone': '01708590337', 'Address': '123/A Mohammadia Houusing Ltd Road 7, Mohammadpur, Dhaka, 1207', 'Website': 'N/A'}","{'Name': 'Khan IT', 'Email': 'N/A', 'Phone': '01404282727', 'Address': 'Mohammadpur, Dhaka, Mohammadpur, Dhaka,, Mohammadpur, Dhaka, 1207', 'Website': 'https://www.khanit.com.bd'}",,,,,
"{'Name': 'Asian Thai Spa', 'Email': 'N/A', 'Phone': '01897601546', 'Address': 'RATAINPUR CASILE, 91/B Rd 24, Dhaka 1212, Gulshan Model Town, Dhaka, 1212', 'Website': 'https://asianthaispa.com/'}","{'Name': 'Frozen Thai Spa', 'Email': 'N/A', 'Phone': '01611808281', 'Address': 'Frozen Thai Spa - Spa in Dhaka, RM Center, 101 Gulshan Avenue, Dhaka 1212, Gulshan Model Town, Dhaka, 1212', 'Website': 'https://frozenthaispa.com/'}","{'Name': 'Gulshan Olive Spa', 'Email': 'N/A', 'Phone': '01754414483', 'Address': 'Nafi tower 53 Gulshan Avenue gulshan 1 Dhaka 1212, Gulshan Model Town, Dhaka, 1212', 'Website': 'https://gulshanolivespa.com/'}","{'Name': 'Gulshan Spa Massage Center', 'Email': 'N/A', 'Phone': '01912241232', 'Address': '49 Gulshan Ave, Dhaka 1212, Bangladesh., Gulshan Model Town, Dhaka, 1212', 'Website': 'https://www.spamassagecentergulshan.com/'}","{'Name': 'Dhaka Spa Center', 'Email': 'N/A', 'Phone': '01952017045', 'Address': 'https://dhakaspa.center/', 'Website': 'https://dhakaspa.center/'}",,,,,,,
"{'Name': 'Emergency Electric and plumbing service -Uttara', 'Email': 'N/A', 'Phone': '01609993537', 'Address': 'House- 67,Road -12/A Sector -10,Uttara -1230, Uttara Purba, Dhaka, 1230', 'Website': 'N/A'}","{'Name': 'jsmrecyclingltd', 'Email': 'N/A', 'Phone': '01799111995', 'Address': 'Kolma south, Dairy Farm-1341, savar, Dhaka, Dairy Farm, Dhaka, 1341', 'Website': 'https://jsmrecyclingltd.com/'}","{'Name': 'Grameen Solar', 'Email': 'N/A', 'Phone': '01715491890', 'Address': '15 Bijoy Nagar, Abdur Rouf Tower (6th Floor), Dhaka, Bangladesh, Dhaka GPO, Dhaka, 1000', 'Website': 'N/A'}","{'Name': 'Emergency Electrician Service', 'Email': 'N/A', 'Phone': 'N/A', 'Address': 'HOUSE 51, ROAD 10, SECTOR 10, Uttara Paschim, Dhaka, 1230', 'Website': 'N/A'}",,,,,,,,
"{'Name': 'Evercare Hospital Dhaka', 'Email': 'N/A', 'Phone': 'N/A', 'Address': 'Evercare Hospital Dhaka, Plot # 81,  Plot # 81,,  Plot # 81,,  Plot # 81,  Plot # 81,, Bashundhara', 'Website': 'N/A'}","{'Name': 'AMAR Home', 'Email': 'N/A', 'Phone': '01976131313', 'Address': 'N/A', 'Website': 'N/A'}",,,,,,,,,,
"{'Name': 'JF Fixtures & Design', 'Email': 'N/A', 'Phone': 'N/A', 'Address': 'N/A', 'Website': 'N/A'}",,,,,,,,,,,
"{'Name': 'Sumash Tech', 'Email': 'N/A', 'Phone': '01625033964', 'Address': 'Basement - 2, Shop 111-113, Bashundhara City Shopping Complex, Panthapath, Dhaka, Tejgaon, Dhaka, 1215', 'Website': 'N/A'}",,,,,,,,,,,
,,,,,,,,,,,
,,,,,,,,,,,
,,,,,,,,,,,
,,,,,,,,,,,
