Name,Category,Email,Phone,Address,District,Website
Automobiles & Servicing Cente,Auto Repair,mdruhulamin91468@gmail.com,01712920915,"house 67, Road No. 13, Dhaka 1230, Uttara Purba, Dhaka, 1230",Dhaka,N/A
Hyundai Motors Bangladesh Limited,Car Showrooms,info@fairtechnology.com.bd,01841010111,"Tejgaon I/A Dhaka, 1208, Dhaka Politechnic, Dhaka, 1208",Dhaka,https://www.facebook.com/Hyundaiworldwide
Cafe Chapter 14,Restaurants & Cafes,cafechapter14@gmail.com,01711945873,"19 a/ b 2nd colony, mazar road, Mirpur-1, Dhaka, Bangladesh, 1216, Mirpur, Dhaka, 1216",Dhaka,N/A
Star Printing & Packaging,Printing Services,star@printingbd.com,01711223345,"khilkhat dhaka 1229, KhilkhetTSO, Dhaka, 1229",Dhaka,"""https://www.facebook.com/starprintingbd"""
Scholastica,Schools,info@scholasticabd.com,N/A,"House No, 78 Rd No. 8A, Dhaka 1209, Dhanmondi, Dhaka, 1209",Dhaka,N/A
LegalEdge BD,Law Firms,hello@legaledgebd.com,01333889922,"uttara dhaka 1230, Uttara Purba, Dhaka, 1230",Dhaka,https://www.facebook.com/legaledgebangladesh
MotoricBD,Car Service Centers,motoricbd@gmail.com,01717345856,"Jhauchar kacha bazar Road,, Dhanmondi, Dhaka, 1209",Dhaka,N/A
Cleaning Express BD,Cleaning Services,N/A,01870724120,"House-32/34, Road-07, Block- C, Niketon, Gulshan-01, Dhaka, Bangladesh, 1212, Gulshan Model Town, Dhaka, 1212",Dhaka,N/A
Zara Electronics Park,Electronics Shops,zaraepark@gmail.com,01911112210,"Zara Electronics Park, K-45/1, Kalachadpur school road, Gulshan-1212, Dhaka, Bangladesh, 1212, Gulshan, Dhaka, 1212",Dhaka,https://web.facebook.com/p/Zara-Electronics-Park-100057405551166/?_rdc=1&_rdr#
Salma Air Travels,Travel Agencies,admin@salmaair.com,01748882664,"1/1, Nest Osmium Tower, Block E Satmasjid Road, , Dhanmondi, Dhaka, 1207",Dhaka,N/A
Natural Cool Air Conditioning & Engineering,AC Repair & Services,info.naturalcool@gmail.com,01775474876,"Hosue # 39/B Road No. 27 (Old), New 16, Dhanmondi, Dhaka - 1209 Opposite of Meena Bazar, Dhanmondi, Dhaka, 1209",Dhaka,https://www.naturalcoolair.com/
Pest Control Service All Of Bangladesh Co.,Pest Control Services,thankscleaningbd@gmail.com,01822361810,"Mukto Bangla shoping complex, Mirpur-1, Dhaka 50, Dhaka 1216, Mirpur, Dhaka, 1216",Dhaka,https://bangladeshpestcontrolbd.com/
JG Healthcare Ltd,Diagnostic Centers,info@jghealthcare.com,01818775522,"MP Check Post, 167/4, 1st Floor Matikata, Near ECB Chattar, Dhaka 1206, Dhaka CantonmentTSO, Dhaka, 1206",Dhaka,https://www.jghealthcare.com/
Pipex Network,Internet Providers,info@pipexbd.com,09606999800,"House# 19 (1st Floor), Road# 19, Nikunja# 2, Dhaka, Bangladesh, 1229, Khilkhet, Dhaka, 1229",Dhaka,https://www.pipexbd.com/
10MS IELTS,Coaching Centers,support@10minuteschool.com,01896016257,"Lift: 8, House: 2, Road: 7, Sector: 3, Uttara, Dhaka (Opposite of Rajlokkhi Complex), Dhaka 1230, Uttara Purba, Dhaka, 1230",Dhaka,https://10minuteschool.com/english-centre/#our-programmes
Comfort Construction & Engineering,Construction Companies,comfortengineering614@gmail.com,01725681681,"House 1&2, Avenue-02, Block- D section-12 Mirpur-1216, Dhaka, Bangladesh, 1216, Mirpur, Dhaka, 1216",Dhaka,https://comfortconstruction.blogspot.com/
Taqwa tailors & fabrics,Tailoring & Boutiques,billal1994hossain@gmail.com,01719033666,"Vatara, Badda Area, Gulshan Model Town, Dhaka, 1212",Dhaka,N/A
Wildflower Event Management,Event Management,wildflowerevent24@gmail.com,01988867355,"Ka-158 Kuril (AIUB Road) Bishwaroad, Vatara, Dhaka, 1229, Khilkhet, Dhaka, 1229",Dhaka,N/A
Bangladesh University of Textiles,Universities,textailbd@gmail.com,N/A,"92 Shaheed Tajuddin Ahmed Ave, Dhaka 1208, Dhaka Politechnic, Dhaka, 1208",Dhaka,https://www.butex.edu.bd/homepage/
Rupayan Jewellers,Jewelry Stores,info.rupayanjewellers2014@gmail.com,01401071298,"Level-03, Shop:411-412, Uttara Square Shopping Mall, Dhaka 1230, Uttara Purba, Dhaka, 1230",Dhaka,N/A
Akhtar Furnishers,Furniture Shops,N/A,01847192022,"28/29, Ring Rd, Dhaka, Mohammadpur, Dhaka, 1207",Dhaka,N/A
Jamia Arabia Imdadul Uloom Faridabad,Madrasas,N/A,01940173181,"51 Haricharan Roy Rd,, Gandaria, Dhaka, 1204",Dhaka,N/A
BAF Shaheen College Kurmitola,Colleges,info@bafsk.edu.bd,01647849974,"Dhaka Cantonment, Dhaka, Dhaka CantonmentTSO, Dhaka, 1206",Dhaka,https://bafsk.edu.bd/
Momen Real Estates Limited,Real Estate Agencies,info@momen.com.bd,N/A,"House -157, Road-12, Block -E, Banani, Dhaka, Bangladesh, 1213, Banani, Dhaka, 1213",Dhaka,https://web.facebook.com/mrelbd/?_rdc=1&_rdr#
Rejuvenate,Beauty & Salons,rejuvenate.gulshan@gmail.com,01406699612,"Basement 1 (same floor, as Unimart, Gulshan Centre Point, Dhaka, Gulshan Model Town, Dhaka, 1212",Dhaka,https://www.rejuvenatebd.com/
ERA,Plumbing Services,erasanitary2003@gmail.com,01711954094,"5, 1 Hajipara, Malibag, Dhaka 1219, KhilgaonTSO, Dhaka, 1219",Dhaka,N/A
Bodybuilding BD,Gyms & Fitness,N/A,01972358457,"21/A, Mahbub Plaza, Topkhana Road,Dhaka-1000, Bangladesh, Motijheel, Dhaka, 1000",Dhaka,https://bodybuilding.com.bd/
Timodesk,IT & Computer Services,support@timodesk.com,01811797272,"Uttara Sector#11 House#60 Road#20, Dhaka 1230, Uttara Paschim, Dhaka, 1230",Dhaka,https://timodesk.com/
PetSpace-Bangladesh,Pet Shops,petspacebangladeah@gmail.com,01978336401,"House number-13, Road number-03, Block-D, Mirpur-6, near chalontika mor., Dhaka city 1216, Mirpur, Dhaka, 1216",Dhaka,N/A
Asian Thai Spa,Spa & Massage Centers,asianthaispa@gmail.com,01897601546,"RATAINPUR CASILE, 91/B Rd 24, Dhaka 1212, Gulshan Model Town, Dhaka, 1212",Dhaka,https://asianthaispa.com/
Emergency Electric and plumbing service -Uttara,Electrical Services,N/A,01609993537,"House- 67,Road -12/A Sector -10,Uttara -1230, Uttara Purba, Dhaka, 1230",Dhaka,N/A
Evercare Hospital Dhaka,Hospitals & Clinics,N/A,N/A,"Evercare Hospital Dhaka, Plot # 81,  Plot # 81,,  Plot # 81,,  Plot # 81,  Plot # 81,, Bashundhara",Dhaka,N/A
Sumash Tech,Mobile Phone Shops,N/A,01625033964,"Basement - 2, Shop 111-113, Bashundhara City Shopping Complex, Panthapath, Dhaka, Tejgaon, Dhaka, 1215",Dhaka,N/A
JF Fixtures & Design,Courier & Delivery,N/A,N/A,N/A,N/A,N/A
Auto king,Auto Repair,autokinguttara@gmail.com,01783807917,"House-22 Road-35, উত্তরা 1230, Uttara Purba, Dhaka, 1230",Dhaka,N/A
City Car Imports,Car Showrooms,info@citycarimports.com,01896092905,"Mirpur, West Shewrapara, Dhaka, Bangladesh, 1216, Mirpur, Dhaka, 1216",Dhaka,N/A
Cafe Rain Street,Restaurants & Cafes,caferainstreet@gmail.com,01778088084,"House-32(Ground floor), Road-05, Block- G, Mirpur-1, Dhaka, Bangladesh, 1216, Mirpur, Dhaka, 1216",Dhaka,N/A
Unique Printing BD,Printing Services,info@uniqueprintingbd.com,01912334456,"uttara dhaka 1230, Uttara Purba, Dhaka, 1230",Dhaka,"""https://www.facebook.com/uniqueprintingbd"""
St. Francis Xavier's Girls' School,Schools,info@sfxgsc.edu.bd,N/A,"85 Municipal Rd, Dhaka 1100, Kotwali, Dhaka, 1100",Dhaka,N/A
Compliance BD Law Firm,Law Firms,info@compliancebd.com,01745990133,"13th Floor, Razzak Plaza, Maghbazar, Ramna,, Dhaka, Bangladesh, 1217, Shantinagr TSO, Dhaka, 1217",Dhaka,https://compliancebd.com/
Aram Hybrid Solution,Car Service Centers,info.aramhybrid@gmail.com,01310371637,"417 Evercare Hospital Rd, , Gulshan Model Town, Dhaka, 1212",Dhaka,N/A
Healthy Tank BD,Cleaning Services,info@healthytankbd.com,01847258844,"House # 38, Road # 07, Block # B Banasree, Dhaka, Bangladesh., KhilgaonTSO, Dhaka, 1219",Dhaka,https://healthytankbd.com/
Wholesale Home Appliance,Electronics Shops,support@electrobdshop.com,01406422123,"12/1, Basila Bus Stand, Main Road, Basila City Developers, Muhammadpur, Dhaka, Bangladesh, Mohammadpur, Dhaka, 1207",Dhaka,https://electrobdshop.com/
Versatile Travels & Tours Ltd,Travel Agencies,info@versatiletravels.com,01713194841,"Ground Floor, PCH8+MP6 Khan Mansion, 107, , Motijheel, Dhaka, 1000",Dhaka,N/A
Roni AC Service,AC Repair & Services,roniacservice@gmail.com,01602981001,"RC6F+2JM Dhaka, Hazi Samiruddin,Munshi Bari Jama Masjid KA-27/G Munshi Villa. RC6F+2JM Lane, Road), Jagannathpur, Vatara, Dhaka Bashundhara Main Gate Shahid Abdul Aziz Road, Bashundhara Main Gate,, KhilkhetTSO, Dhaka, 1229",Dhaka,N/A
Thanks Cleaning & Pest Control Service,Pest Control Services,thankscleaningbd@gmail.com,01614159402,"Gulshan Badda Link Rd, Dhaka 1212, Gulshan Model Town, Dhaka, 1212",Dhaka,https://pestcontrolservicebd.com/
AmarLab Diagnostic Center,Diagnostic Centers,info@amarlab.com,01327416064,"F15, Kazi Bari Mor, Dhaka 1216, Mirpur, Dhaka, 1216",Dhaka,https://amarlab.com/
Exord Online,Internet Providers,info@exordonline.com,01519199999,"Banasree Office: House: 18, Road: 05, Block: C, Banasree, Rampura, 1219, Rampura, Dhaka, 1219",Dhaka,https://exord.bd/
Radius,Coaching Centers,info.radiusacademy@gmail.com,01921220618,"Plot-7 Rd - 17, Dhaka 1230, Uttara Purba, Dhaka, 1230",Dhaka,N/A
NDE-National Development Engineers Ltd.,Construction Companies,info@ndebd.com,N/A,"NDE House, House#22, Road#4, Block#C, Banani, Bangladesh., Dhaka, Bangladesh, Banani TSO, Dhaka, 1213",Dhaka,https://nde.com.bd/
Banani Fabrics,Tailoring & Boutiques,bananifabric@gmail.com,01917095929,"Shop# 22,27,1st (Floor) Banani D.N.C.C Banani super market Banani, Banani TSO, Dhaka, 1213",Dhaka,N/A
Sajai Event Management and Program Planner,Event Management,sajaieventmgmt@gmail.com,01915135965,"Block-A, House 50, Rd 7, Mirpur, Dhaka, 1216",Dhaka,N/A
Bangladesh University of Engineering and Technology,Universities,info@buet.gmail.com,N/A,"P9FV+728, Khaja Dewan 1st Ln, Dhaka, New Market TSO, Dhaka, 1205",Dhaka,https://www.buet.ac.bd/web/#/
Arju's,Jewelry Stores,arjusjewelryaccessories@gmail.com,01623991386,"10 Rd No. 1A, Dhaka 1230, Uttara Purba, Dhaka, 1230",Dhaka,N/A
Partex Furniture,Furniture Shops,furniture@psgbd.com,01911330975,"24, 7 Ring Rd, Dhaka 1207, Mohammadpur, Dhaka, 1207",Dhaka,N/A
Adarsha Islami Mission Mohila Kamil Madrasa,Madrasas,N/A,01732302286,"3/14 Block-G, Lalmatia Road, Mohammadpur, Dhaka, 1207",Dhaka,N/A
"Govt. Science College, Tejgaon",Colleges,gsctd1954@gmail.com,N/A,"Q94V+F6H, 34/B, West Farmgate - Tejturi Bazar Rd, Dhaka, Tejgaon TSO, Dhaka, 1215",Dhaka,https://www.gsctd.edu.bd/
Rents Corporation,Real Estate Agencies,nasrullah@rentsincorporation.com,01616191191,"Road: 24, Gulshan-02, Dhaka, Bangladesh, 1212, Gulshan Model Town, Dhaka, 1212",Dhaka,https://rents.com.bd/
Tisha's Beauty Hub TBH,Beauty & Salons,tishasbeautyhub@gmail.com,01686902284,"Banani, Road 11, House 118, 7th Floor, Block E, Sheltech Northern Star. (Cafe Sao Paulo Building, Opposite of Kavazo/City Bank), Gulshan Model Town, Dhaka, 1212",Dhaka,https://www.tishasbeautyhub.com/
M/S MOLLA Enterprise,Plumbing Services,mollaenterprise120@gmail.com,01712671915,"1084 Khilbarir Tek Rd, Dhaka 1212, Gulshan Model Town, Dhaka, 1212",Dhaka,N/A
Super Fit Gym,Gyms & Fitness,superfitgymbd@gmail.com,01770031101,"15/7, Borobag, Mirpur-2 (In front of Monipur Boys High School), Mirpur, Dhaka, 1216",Dhaka,https://superfitgym.com.bd/
SMMSun,IT & Computer Services,info@smmsun.com,N/A,"Dhaka Bangladesh 1216, Mirpur, Dhaka, 1216",Dhaka,https://smmsun.com/
pet passion bd,Pet Shops,sagarngs702@gmail.com,01792224545,"Pallabi, Dhaka, Bangladesh, 1216, Pallabi, Dhaka, 1216",Dhaka,N/A
Frozen Thai Spa,Spa & Massage Centers,info@frozenthaispa.com,01611808281,"Frozen Thai Spa - Spa in Dhaka, RM Center, 101 Gulshan Avenue, Dhaka 1212, Gulshan Model Town, Dhaka, 1212",Dhaka,https://frozenthaispa.com/
jsmrecyclingltd,Electrical Services,jsmrecyclingltd@gmail.com,01799111995,"Kolma south, Dairy Farm-1341, savar, Dhaka, Dairy Farm, Dhaka, 1341",Dhaka,https://jsmrecyclingltd.com/
AMAR Home,Hospitals & Clinics,N/A,01976131313,N/A,N/A,N/A
Car Repair BD,Auto Repair,carrepairbd66@gmail.com,01725418659,"Plot 16, 1230 Road No 34, Dhaka 1230, Uttara Purba, Dhaka, 1230",Dhaka,https://carrepairbd.com/
Zam Zam Car & Automobiles,Car Showrooms,nfo@zamzamgroupbd.net,01711775067,"Corporate Branch : 28/1, Kakrail, Dhaka. & #Baridhara Branch: 314 Nodda, Baridhara, Dhaka, Dhaka, Bangladesh, 1217, Shantinagr TSO, Dhaka, 1217",Dhaka,https://www.zamzamgroupbd.net/
The Stories Cafe,Restaurants & Cafes,thestoriescafebd@gmail.com,01329702344,"1st Floor, House 109, Street 01, Block A Mirpur 02, Dhaka 1216, Mirpur, Dhaka, 1216",Dhaka,https://thestoriescafe.com/
Modern Printing Press,Printing Services,modern@printingpress.com,01719223345,"uttara dhaka 1230, Uttara Purba, Dhaka, 1230",Dhaka,https://modernprintingpress.godaddysites.com/
William Carey International School,Schools,wcischool@yahoo.com,01989283257,"70 D, 1 Indira Rd, Dhaka 1207, Adabor, Dhaka, 1207",Dhaka,N/A
Advocatus Chambers,Law Firms,info@advocatuschambers.com,01307963321,"uttara dhaka 1230, Uttara Purba, Dhaka, 1230",Dhaka,https://advocatuschambers.com/
Naspro Auto Services,Car Service Centers,customercare@nasproauto.com,01894988489,"Gulshan Centre Point, House 26 Road 90, Parking Level 3,, Gulshan Model Town, Dhaka, 1212",Dhaka,https://www.nasproauto.com/
Dhaka Facility Management Services,Cleaning Services,support@dfms.xyz,01731515392,"12/01, Pallabi, Mirpur, Dhaka-1216, Mirpur, Dhaka, 1216",Dhaka,https://dfms.xyz/
Star Electronics Bangladesh,Electronics Shops,info@starelectronicsbd.com,01403001115,"67/A, Bangabandhu National Stadium Market, Dhaka - 1000, Mirpur, Dhaka, 1000",Dhaka,https://www.starelectronicsbd.com/
BestTrip,Travel Agencies,support@besttrip.travel,09677443333,"InterContinental Health Club Building(2nd Floor), Dhaka, Ramna, Dhaka, 1000",Dhaka,https://www.besttrip.travel/
Tulip,AC Repair & Services,tulipacserviceuttara@gmail.com,01843422373,"Uttara (Sector 1–18), Airport, Uttara Purba, Dhaka, 1230",Dhaka,https://acserviceuttara.com/
CARE PEST,Pest Control Services,carepestbd@gmail.com,01742550005,"House#42 ROAD#02 BLOCK#A SECTION#06 MIRPUR, Mirpur, Dhaka, 1216",Dhaka,https://www.carepest.com.bd/
Concord Diagnostics & Molecular Lab Ltd,Diagnostic Centers,info@concorddiagnostics.com,09606213233,"4/1/A (7th Floor, Navana Newbury place, Sobhanbag Mirpur Rd, Dhaka 1207, Mohammadpur, Dhaka, 1207",Dhaka,https://concorddiagnostics.com/services/
SPEED WELL NET,Internet Providers,support@speedwellnet.com,01319340700,"23, 4 Pallabi Rd, Dhaka 1216, Pallabi, Dhaka, 1216",Dhaka,http://speedwellnet.com/
TalentHut,Coaching Centers,info@talenthutbd.com,01611237734,"03, House no #08, 4th Floor, Rd No: 10, Dhaka 1230, Uttara Purba, Dhaka, 1230",Dhaka,https://talenthutbd.com/
Jamil Iqbal Ltd.,Construction Companies,jamiliqballimited@yahoo.com,N/A,"H# 543, Road#08 Ave#06, Dhaka 1216, Mirpur, Dhaka, 1216",Dhaka,https://jamiliqbal.com/
Friends Tailors & Fabrics,Tailoring & Boutiques,friendstailors1993@gmail.com,01922775511,"Gp-Ka, 23 Progoti Shoroni, , KhilkhetTSO, Dhaka, 1229",Dhaka,N/A
CONCEPTIFY,Event Management,info@conceptifyltd.com,01777097772,"House#13 (5th Floor, Road#05 Sector#16/A, Dhaka 1230, Uttara Purba, Dhaka, 1230",Dhaka,https://www.conceptifyltd.com/
Presidency University,Universities,puadmission@pu.edu.bd,01766554433,"11/A Rd 92, Dhaka 1212, Gulshan Model Town, Dhaka, 1212",Dhaka,https://pu.edu.bd/
Pearl House Jewellers,Jewelry Stores,pearlhousejewellers12@gmail.com,01716129888,"Shop No-210, Leave -3, House building, Dhaka 1210, Posta TSO, Dhaka, 1211",Dhaka,N/A
Farjana Steel And Melamine Furniture,Furniture Shops,nazmulhaque.nibir@gmail.com,01912064090,"1361 রানিমহল - বড়ভাঙ্গা সড়ক, Dhaka 1361, Kamrangirchar, Dhaka, 1361",Dhaka,N/A
Tahfizul Quran Wassunnah Madrasa,Madrasas,N/A,01711338759,"79, 1G Dhaka - Demra Hwy, , Gandaria, Dhaka, 1204",Dhaka,N/A
Ideal School and College,Colleges,N/A,01711273586,"Motijhil, Motijheel, Dhaka, 1000",Dhaka,N/A
Edison Real Estate,Real Estate Agencies,hello@edisonrealestatebd.com,09610916760,"Rangs Babylonia, 246, Bir Uttam Mir Shawkat Sarak, Dhaka, Bangladesh, 1208, Dhaka Politechnic, Dhaka, 1208",Dhaka,https://edisonrealestatebd.com/
Adonis Mens Grooming Salon,Beauty & Salons,contact@adonis.com.bd,01919700800,"Holding - 99, Rupayan Golden Age, Road - 37 Gulshan Ave, Gulshan Model Town, Dhaka, 1212",Dhaka,https://maps.app.goo.gl/sc4wzBHHvLQhUwwJ7
Poshra,Plumbing Services,sourcing@proedge-asso.com,09638300700,"House#33 Rd Number 35/A, Dhaka 1212, Gulshan Model Town, Dhaka, 1212",Dhaka,N/A
Aamra Active | Best Gym in Gulshan Dhaka,Gyms & Fitness,info@aamraactive.com,01731003727,"House - 8 Rd No. 50, Dhaka, Bangladesh, Gulshan Model Town, Dhaka, 1212",Dhaka,https://aamraactive.com/
SEO Expert in Bangladesh - Tanveer Evan Rahat,IT & Computer Services,N/A,01980934436,"17th Floor, Rupayan Trade Center, Dhaka, New Market TSO, Dhaka, 1205",Dhaka,N/A
BD Bird Home,Pet Shops,bdbirdhome20@gmail.com,01670287422,"39 Rd No. 7, Dhaka 1216, Pallabi, Dhaka, 1216",Dhaka,N/A
Gulshan Olive Spa,Spa & Massage Centers,gulshanoilvespa@gmail.com,01754414483,"Nafi tower 53 Gulshan Avenue gulshan 1 Dhaka 1212, Gulshan Model Town, Dhaka, 1212",Dhaka,https://gulshanolivespa.com/
Grameen Solar,Electrical Services,N/A,01715491890,"15 Bijoy Nagar, Abdur Rouf Tower (6th Floor), Dhaka, Bangladesh, Dhaka GPO, Dhaka, 1000",Dhaka,N/A
NOOR AUTOS,Auto Repair,noorcarautomobile@gmail.com,01727349447,"QCFH+2WW, Dhaka 1212, Gulshan Model Town, Dhaka, 1212",Dhaka,N/A
Ovi Trading,Car Showrooms,ovitrading@hotmail.com,01799993280,"Plot#1, Road#49, Gulshan 2, Dhaka, Bangladesh, 1212, Gulshan Model Town, Dhaka, 1212",Dhaka,N/A
Dream Cafe,Restaurants & Cafes,dreamcafemirpur@gmail.com,01319240502,"1/A/B 2nd Colony, Mazar Road, Mirpur-1, Dhaka, Bangladesh, 1216, Mirpur, Dhaka, 1216",Dhaka,N/A
Galaxy Printing & Packaging,Printing Services,support@galaxyprintingbd.com,01861623214,"uttara dhaka 1230, Uttara Purba, Dhaka, 1230",Dhaka,"https://www.facebook.com/galaxyprintingbd"""
Paramount International School Dhaka,Schools,info@pisdedu.com,01897259211,"379, Ahmed Mansion, 7 Shaheed Tajuddin Ahmed Ave, Dhaka 1217, Chalkbazar, Dhaka, 1217",Dhaka,https://pisdedu.com/
LawCare BD,Law Firms,info@lawcarebd.com,01711225544,"khilkhat dhaka 1229, KhilkhetTSO, Dhaka, 1229",Dhaka,https://lawcarebd.com/
Native Car Solution,Car Service Centers,nativecarsolution@gmail.com,01703556955,"KA-30/2/A, Jagannathpur,soudi moshjid road, nodda, Baridhara,, Gulshan Model Town, Dhaka, 1212",Dhaka,N/A
Total cleaning service BD,Cleaning Services,N/A,01719238861,"KA 135/2, KURIL, KAZI BARI MASZID ROAD, ঢাকা 1229, KhilkhetTSO, Dhaka, 1229",Dhaka,http://www.totalcleaningbd.com/
Transcom Digital,Electronics Shops,estore@transcomdigital.com,01713061477,"House 22, Road 04, Block F, Banani, Dhaka, Bangladesh, 1213, Banani TSO, Dhaka, 1213",Dhaka,https://transcomdigital.com/
Global Travel & Tours,Travel Agencies,sales@globaltravelbd.com,01810140650,"3rd Floor, 78/E, Purana Paltan Line, Bijoynagar, , Paltan, Dhaka, 1000",Dhaka,https://globaltravelbd.com/
AC Servicing & Repair Dhaka,AC Repair & Services,amarshebabd@gmail.com,01777044241,"House #3 Road #16 Sector #11 Uttara, , Uttara Purba, Dhaka, 1230",Dhaka,N/A
Pest solution dhaka,Pest Control Services,aktersumk23456789@gmail.com,01986637603,"Badda,Gulshan,link road, , Gulshan Model Town, Dhaka, 1212",Dhaka,N/A
Health Aid plus Diagnostic Center,Diagnostic Centers,healthaidplusdiag.bd@gmail.com,01975644683,"Darul Ulum Madrasa Market, 35 Mirpur-13, Dhaka 1216, Mirpur, Dhaka, 1216",Dhaka,N/A
Apple Net,Internet Providers,info.applenet@gmail.com,01979973302,"House 5/3, Road 5, Block B, Nabodoy Housing Adabor, Dhaka, Bangladesh, 1207, Adabor, Dhaka, 1207",Dhaka,https://www.applenetbd.com/
limestone Academy,Coaching Centers,limestoneacademy@gmail.com,01912131773,"house-39 Rd No 16, Dhaka 1230, Uttara Purba, Dhaka, 1230",Dhaka,N/A
Bangladesh Association of Construction Industry,Construction Companies,N/A,N/A,"3rd Floor, UCBL Dhanmondi Branch Building, Nahar Green Summit, House # 43 Rd 16, Dhaka 1209, Dhanmondi, Dhaka, 1209",Dhaka,N/A
Shrestho Boutique,Tailoring & Boutiques,shresthoboutique.bd@gmail.com,01739278302,"Outlet No.246, 1st Floor, Confidence Shopping Mall, Shahjadpur, Gulshan-2, , Gulshan Model Town, Dhaka, 1212",Dhaka,https://shreshtho.com/category/women-fashion
Luxury Planning Event Management,Event Management,luxuryevent22@gmail.com,01915362222,"house #15 Rd - 17, Dhaka 1230, Uttara Purba, Dhaka, 1230",Dhaka,N/A
Canadian University of Bangladesh,Universities,admissions@cub.edu.bd,01707070280,"RANGS RL SQUARE, PRAGATI SHARANI, Bir Uttam Rafiqul Islam Ave, Dhaka 1212v, Gulshan Model Town, Dhaka, 1212",Dhaka,https://www.cub.edu.bd/
Kohinoor Diamond & Gold,Jewelry Stores,kohinoordiamonds.gold@gmail.com,01740220779,"2nd Floor, Shop- 213, House building, Dhaka 1230, Uttara Purba, Dhaka, 1230",Dhaka,N/A
HI-TECH Furniture,Furniture Shops,hi-techbd@live.com,01714141044,"Ambala Complex, 39 Road No. 2, Dhaka 1205, Dhanmondi, Dhaka, 1205",Dhaka,N/A
Islamic Online Madrasah - IOM,Madrasas,N/A,09638113322,"1012/1, Jamtola More, , Mirpur, Dhaka, 1216",Dhaka,N/A
Dhaka Residential Model College,Colleges,N/A,N/A,"Mohammadpur, Mohammadpur, Dhaka, 1207",Dhaka,N/A
Melody Housing Agency,Real Estate Agencies,info@melodyhousingagency.com,01955443322,"2nd Floor (2B), House: 14/A, Road: 02, Block: L, Banani, Dhaka-1213, Banani TSO, Dhaka, 1213",Dhaka,https://melodyhousingagency.com/
Woman's World,Beauty & Salons,womansworld90@yahoo.com,01999444422,"74 Jawad Tower(3rd Floor), Plot-74, Block-D, Level 3, Chiriakhana Road, (Opposite of Eidgah Field) Mirpu, Mirpur, Dhaka, 1216",Dhaka,https://womansworldbd.com/
Sheba.xyz,Plumbing Services,info@sheba.xyz,09678016516,"Plot: 2, Road: 11, Block: H, M&S Tower, Dhaka 1213, Banani TSO, Dhaka, 1213",Dhaka,https://www.sheba.xyz/plumber
Fitness Art Gym Shyamoli,Gyms & Fitness,fitnessartgymshyamoli@gmail.com,01749898854,"Shyamoli PC Culture Mobile Market Lift 4, Dhaka, Bangladesh, Mohammadpur, Dhaka, 1207",Dhaka,https://www.fitnessartgymshyamoli.com/
HRSOFT,IT & Computer Services,info@hrsoftbd.com,01709372481,"P-7, Nurjahan Road, Mohammadpur, Mohammadpur, Dhaka, 1207",Dhaka,https://hrsoftbd.com/
Shokher Tola 80Tk,Pet Shops,shokhertula80tkmail@gmail.com,01335521022,"12, Sultan's Dine and Meena Bazar Building, Noor Islam, 305 (3rd Floor,Lift 2), House No, 05 Sattar Molla Road, Dhaka 1216, Pallabi, Dhaka, 1216",Dhaka,https://shokhertola80taka.com/all/product
Gulshan Spa Massage Center,Spa & Massage Centers,info@spamassagecentergulshan.com,01912241232,"49 Gulshan Ave, Dhaka 1212, Bangladesh., Gulshan Model Town, Dhaka, 1212",Dhaka,https://www.spamassagecentergulshan.com/
Emergency Electrician Service,Electrical Services,troyroymridul@gmail.com,N/A,"HOUSE 51, ROAD 10, SECTOR 10, Uttara Paschim, Dhaka, 1230",Dhaka,N/A
Anan Auto Solution,Auto Repair,rayhan01871668065@gmail.com,01871668065,"South point shed, 17 Road Baridhara J Block, Dhaka 1212, Gulshan Model Town, Dhaka, 1212",Dhaka,N/A
Automo JAPAN,Car Showrooms,automojapanbd@gmail.com,01836151239,"5/13, Lalmatia, Block#D, Dhaka, Bangladesh, 1207, Mohammadpur, Dhaka, 1207",Dhaka,N/A
Posh Lounge Rooftop,Restaurants & Cafes,poshloungebd@gmail.com,01712808770,"Safura Tower (Beside Pallabi Metro Station) House 45, Level-9, Road-7, Mirpur-12, Dhaka 1216, Mirpur, Dhaka, 1216",Dhaka,https://poshloungerooftop.com/#home
Rainbow Printing Press,Printing Services,info@rainbowprintingbd.com,01715998878,"uttara dhaka 1230, Uttara Purba, Dhaka, 1230",Dhaka,"""https://www.facebook.com/rainbowprintingbd"""
Mac Master English Medium School,Schools,info@macmasterenglishmediumschool.com,01682820723,"45 Road No. 12, Dhaka 1207, Adabor, Dhaka, 1206",Dhaka,N/A
Justitia BD,Law Firms,info@justitiabd.com,01995665544,"newmarket dhaka 1205, New Market TSO, Dhaka, 1205",Dhaka,https://justitiabd.com/
Car Fixers Bd,Car Service Centers,carfixersbd@gmail.com,01717889883,"Plot-308, Road-04, Block -A, Shagufta Housing, Pallabi, Mirpur-12, 6.,, Mirpur, Dhaka, 1216",Dhaka,https://carfixersbd.com/
South Enterprise,Cleaning Services,info@southenterprisebd.com,01739277668,"253/254, Rahim Metal Mosque Market I/A Tejgaon Area, Dhaka-1208, Bangladesh., Dhaka Politechnic, Dhaka, 1208",Dhaka,https://www.southenterprisebd.com/contact-us
Tech Shop BD,Electronics Shops,info@techshopbd.com,09678110110,"Techshopbd, 2/1/E, Eden Center, Arambagh, Motijheel, Dhaka, Bangladesh, 1000, Dhaka GPO, Dhaka, 1000",Dhaka,https://techshopbd.com/
Galaxy Travel International,Travel Agencies,galaxytravelint01@gmail.com,01722222431,"2ND FLOOR, Taj Cassilina, 25 Gulshan Ave, , Gulshan, Dhaka, 1212",Dhaka,https://www.galaxybd.com/travel.php
Home Air Engineering Co Ltd,AC Repair & Services,N/A,01778839180,"1st Floor, Green Tower, DIT Rd, , Gulshan Model Town, Dhaka, 1212",Dhaka,N/A
Chaya Pest Control Shop,Pest Control Services,support@chayapestcontrol.com,01954920966,"House-7, Avenue 4, Block-C, Near Progoti High School, Mirpur, Dhaka, 1216",Dhaka,https://chayapestcontrol.com/
Shwapno General Hospital and Diagnostic Centre,Diagnostic Centers,omarfaruksghmd@gmail.com,01303221316,"Road-13,house-33, Rupnagar R/A, Dhaka, Bangladesh, 1216, Mirpur, Dhaka, 1216",Dhaka,https://www.hia.care/H/ShwapnoGeneralHospitalandDiagnosticCentre
Sam Online,Internet Providers,home@sambd.com,01714498118,"Rosy Dale -House:1Road:4 Gudaraghat, Dhaka 1212, Gulshan, Dhaka, 1212",Dhaka,https://sambd.com/
Unmesh,Coaching Centers,info@udvash-unmesh.com,01787687510,"12 Service Road, Dhaka 1230, Uttar Khan, Dhaka, 1230",Dhaka,https://www.unmeshbd.com/HomePage
Conspert Limited,Construction Companies,conspertltd@gmail.com,01886788890,"4th Floor (4B), House #189 Block #B, Main Road Dhaka, 1229, KhilkhetTSO, Dhaka, 1229",Dhaka,https://www.conspert.com/
Nabila,Tailoring & Boutiques,info@nabila-bd.com,01632132259,"Level 5, Elegant Square, Plot 3/B, Road 111, Gulshan Avenue (Opposite Azad Mosque), , Gulshan Model Town, Dhaka, 1212",Dhaka,http://www.nabila.com.bd/
Orchid Garden & Event Management,Event Management,orchidgarden2084@gmail.com,01882116777,"house#416, Road#30, Mohakhali DOHS, Dhaka, Bangladesh, 1206, Cantonment, Dhaka, 1206",Dhaka,N/A
Manarat International University,Universities,info@manarat.ac.bd,01780364415,"Plot # CEN-16, Rd 106, Dhaka 1212, Gulshan Model Town, Dhaka, 1212",Dhaka,https://manarat.ac.bd/
TAJMAHAL GEMS WORLD,Jewelry Stores,tajmahalgems11@gmail.com,01711192111,"Tropical Alauddin Tower Shopping Complex, Shop 526-527, Level 4 Road 02, Sector 03, Dhaka 1230, Uttara Purba, Dhaka, 1230",Dhaka,N/A
Medallion Plus Furniture,Furniture Shops,medallionplusbd@gmail.com,01973016218,"20/10 East Dhanmondi, West Panthapath, Dhaka 1205, New Market, Dhaka, 1205",Dhaka,N/A
Masna Madrasa,Madrasas,N/A,01718182381,"Monirampur, Jessore, Mohammadpur, Dhaka, 1000",Dhaka,N/A
DHAKA COMMERCE COLLEGE,Colleges,N/A,N/A,N/A,N/A,N/A
Tinfo Property,Real Estate Agencies,hello@tinfoproperty.com,01871019999,"Plot: 19 and 20, Road: 113/A, Gulshan-02, Dhaka-1212, Bangladesh, Gulshan Model Town, Dhaka, 1212",Dhaka,https://tinfoproperty.com/
RDH Makeover & Skin Care Salon,Beauty & Salons,info@rdhmakeover.com,01816692115,"House-21, Road-02, Section-06 Block-D, Pallabi, Mirpur, Mirpur, Dhaka, 1216",Dhaka,https://coral-alpaca-767390.hostingersite.com/
Poshora,Plumbing Services,N/A,01321211939,"House#33 Rd Number 35/A, Dhaka 1212, Gulshan Model Town, Dhaka, 1212",Dhaka,https://www.poshorabd.com/
Fitness plus,Gyms & Fitness,chief@fitnessplus.club,01317998899,"Level 5, House 7A Road No. 41, Dhaka, Gulshan Model Town, Dhaka, 1212",Dhaka,https://fitnessplus.club/
Maa Computer And CCTV Corner,IT & Computer Services,abdullah.ede.bd@gmail.com,01611936823,N/A,N/A,N/A
Pet Butler BD,Pet Shops,petbutlerbd@gmail.com,01877717094,"3-65, Road No. 4, Dhaka 1216, Pallabi, Dhaka, 1216",Dhaka,N/A
Dhaka Spa Center,Spa & Massage Centers,info@dhakaspa.center,01952017045,"House - 7a, Road No. 41, Dhaka 1212, Gulshan Model Town, Dhaka, 1212",Dhaka,https://dhakaspa.center/
Swadesh Auto Ltd.,Auto Repair,swadeshcarsrvice@gmail.com,01612408992,"RC2F+CQW, Baridhara J Block, Dhaka 1212, Gulshan Model Town, Dhaka, 1212",Dhaka,N/A
Jeep Bangladesh,Car Showrooms,jeep@anwargroup.net,01841805337,"1, West Abdullahpur, Dhaka, Bangladesh, 1230, Uttara Purba, Dhaka, 1230",Dhaka,https://www.jeep.com.bd/
Hongbao,Restaurants & Cafes,hongbao@dekkolegacy.com,01870111222,"1st floor, Suvastu Imam Square, 65 Gulshan Avenue, Road 28., , Gulshan Model Town, Dhaka, 1212",Dhaka,https://hongbaobd.com/
Print Express BD,Printing Services,hello@printexpressbd.com,01933445567,"uttara dhaka 1230, Uttara Purba, Dhaka, 1230",Dhaka,"""https://www.facebook.com/printexpressbd"""
Little Master International School,Schools,admin@lmischool.net,01715190994,"16, 1-A Rankin St, Dhaka 1203, Wari, Dhaka, 1203",Dhaka,https://lmischool.net/photo-gallery/
Equity Law Partners,Law Firms,equitylawbd@gmail.com,01789004411,"uttara dhaka 1230, Uttara Purba, Dhaka, 1230",Dhaka,https://equitylawbd.com/
Quics Car Service,Car Service Centers,info@toandfrobd.com,01768385618,"100 Feet Madani Ave, , KhilkhetTSO, Dhaka, 1229",Dhaka,N/A
Tank Clean Services,Cleaning Services,contact@tankcleanservices.com,01600357308,"255/1, ECB Chattar, Mirpur DOHS Road Dhaka Cantonment- 1206, Dhaka CantonmentTSO, Dhaka, 1206",Dhaka,https://tankcleanservices.com/
AYAN ELECTRONICS,Electronics Shops,zabil.ex@gmail.com,01766546690,"SHOP: 510, Police Plaza Concord, (Beside Shooting Complex), Gulshan-1, Dhaka, Bangladesh, 1212, Gulshan Model Town, Dhaka, 1212",Dhaka,N/A
Universal Travel & Tours,Travel Agencies,uttbdoffice@gmail.com,01844167590,"Level-07, Green Rowshanara Tower, 55 Satmasjid Road, , Dhanmondi, Dhaka, 1209",Dhaka,https://utt.com.bd/
COOL Service Center,AC Repair & Services,coolservicecenterbd@gmail.com,01730586468,"Mohammadpur, Dhaka City, Mohammadpur, Dhaka, 1207",Dhaka,N/A
All Cleaning & Pest Control Service,Pest Control Services,allcleaningpestclontrol@gmail.com,01934464051,"120 Kemal Ataturk Ave, Dhaka 1213, Banani TSO, Dhaka, 1213",Dhaka,N/A
"Delta Health Care, Mirpur Limited",Diagnostic Centers,info@deltahealthcare.com,01841914914,"11, Central Mosque, Bus Stand Mirpur, Dhaka 1216, Mirpur, Dhaka, 1216",Dhaka,N/A
MiME Internet,Internet Providers,info.mime@cg-bd.com,09609006463,"Awal Centre, Level 15, 34, Kemal Ataturk Avenue, Banani C/A, Dhaka, Bangladesh, Banani, Dhaka, 1213",Dhaka,https://www.mimebd.com/
iONiQ Learning,Coaching Centers,zayedsirchemistry@gmail.com,01517117627,"house - 71, Academia, Road No. 12, Dhaka 1230, Uttara Purba, Dhaka, 1230",Dhaka,N/A
Altra Construction Chemical Company Ltd,Construction Companies,nfo@altrabd.com,01324449702,"15/2, Level-8, Mamtaz Heights, Mirpur Road, Shyamoli, Dhaka-1207 Bangladesh, Mohammadpur, Dhaka, 1207",Dhaka,https://www.altrabd.com/
𝐓𝐀𝐈𝐋𝐎𝐑 𝐅𝐈𝐓 - 𝙱𝚎𝚜𝚙𝚘𝚔𝚎,Tailoring & Boutiques,tailorfitbespoke@gmail.com,01934151916,"Block #K, Ground Floor, House #18 Rd 24, , Banani TSO, Dhaka, 1213",Dhaka,https://www.tailorfitbespoke.com/
Dreamweaver Events,Event Management,dreamweaver.sales@gmail.com,01711220921,"Zahirul Tower, House#9 Rd No 113/A, Dhaka 1212, Gulshan, Dhaka, 1212",Dhaka,https://dreamweaverevent.com/
Queens University,Universities,N/A,01712657152,"House 43E, Block E, Road No. 17/A, Dhaka 1212, Gulshan Model Town, Dhaka, 1212",Dhaka,N/A
I.K Gold & Diamond,Jewelry Stores,ikdiamondltd@gmail.com,01789908326,"607, Grand Zam Zam Tower, 11 No. Chowrasta, Uttara, Dhaka 1230, Uttara Purba, Dhaka, 1230",Dhaka,N/A
Nadia Furniture,Furniture Shops,brand@nadiafurniture.com,01871006851,"House No. 38/1, Road No. 2, Dhanmondi, Dhaka- 1205, Opposite of Shimanto Square, Dhaka, Bangladesh 1205, Dhanmondi, Dhaka, 1209",Dhaka,https://www.nadiafurniture.com/
Madrasatul Madinah Lilbanat,Madrasas,N/A,01765757574,"P8JF+QW7, Nahar Community center(modhu city, Banglanagar, Mohammadpur, Dhaka, 1312",Dhaka,N/A
Japan International Dream School & College,Colleges,N/A,01762083119,N/A,N/A,N/A
Century Group,Real Estate Agencies,N/A,01915476605,"Kha-225, Pragoti sarani, Bir Uttam Rafiqul Islam Avenue, Dhaka, Gulshan Model Town, Dhaka, 1212",Dhaka,N/A
Romoni Services Ltd.,Beauty & Salons,info@romoni.com.bd,01905406386,"House# 1266, Road# 10, Ave# 02, Mirpur DOHS, Mirpur, Dhaka, 1216",Dhaka,https://www.romoni.com.bd/
Millat Pumps Limited,Plumbing Services,infomillatpump@gmail.com,01819603147,"amin Apon Heights, Level-13/A, Road# 03, Shymoli, Dhaka, Mohammadpur, Dhaka, 1207",Dhaka,https://millatpump.com/
Gold's Gym Bangladesh,Gyms & Fitness,info@goldsgym.com.bd,01969900555,"Block N Bashundhara Sports City, Dhaka, KhilkhetTSO, Dhaka, 1229",Dhaka,N/A
Md Faruk Khan,IT & Computer Services,hello@mdfarukkhan.com,01708590337,"123/A Mohammadia Houusing Ltd Road 7, Mohammadpur, Dhaka, 1207",Dhaka,N/A
Multi Auto Care Workshop,Auto Repair,multiautocareworkshop@gmail.com,01757683035,"18,Shed- 01, RC3G+P5H, Road, Plot- 02 Baridhara J Block, Dhaka 1212, Gulshan Model Town, Dhaka, 1212",Dhaka,N/A
Dynasty Cars,Car Showrooms,carsdynasty@gmail.com,01785545532,"343/344, Tejgaon I/A, Tejgaon, (Impluse Hospital Road, Opposite Impluse Hospital), Dhaka, Bangladesh, 1208, Dhaka Politechnic, Dhaka, 1208",Dhaka,N/A
OBOR Restaurant - 丝路驿站中餐厅,Restaurants & Cafes,reobor1@gmail.com,01700703756,"Level 6, Anannya Shopping Complex, Dhaka CantonmentTSO, Dhaka, 1206",Dhaka,N/A
Seba Printing & Packaging,Printing Services,printingsebabd@gmail.com,01811223344,"uttara dhaka 1230, Uttara Purba, Dhaka, 1230",Dhaka,https://www.facebook.com/PrintingSeba/#
Eminent School of Dhaka,Schools,eminentschooldhaka@gmail.com,01534833921,"3 Wyre Street, Dhaka 1203, Wari, Dhaka, 1203",Dhaka,https://eminentschool.com/
LegalNet Bangladesh,Law Firms,info@legalnetbd.com,01712159571,"uttara dhaka 1230, Uttara Purba, Dhaka, 1230",Dhaka,https://www.facebook.com/legalnetbd
bhalogari,Car Service Centers,info@bhalogari.com,09643207777,"Civil house, B- 111 Mosque Rd, Dhaka, Dhaka CantonmentTSO, Dhaka, 1206",Dhaka,https://bhalogari.com/
Clean Force Limited,Cleaning Services,cleanforce.xyz@gmail.com,01734723422,"House 13, Road -1/a, Block-B, Dhaka 1207, Mohammadpur, Dhaka, 1207",Dhaka,N/A
Orient Electronics,Electronics Shops,info@orient-electronics.com,01672231185,"Shop: 424, Level: 4, Plaza A.R, Dhaka 1205, New Market TSO, Dhaka, 1205",Dhaka,N/A
FlyTrek,Travel Agencies,info.flytrek@gmail.com,01616124565,"House: 26, Road: 24, Sector: 07, Uttara, (Beside Super Hostel), , Uttara Purba, Dhaka, 1230",Dhaka,https://flytrek.net/
AC Service Dhanmondi,AC Repair & Services,acservicedhanmondi@gmail.com,01760126623,"61/5, Dhaka, Mohammadpur, Dhaka, 1207",Dhaka,N/A
Ma Aysha Pest Control,Pest Control Services,Maayshap@gmail.com,01726983899,"Ka-23/1, shahjadpur, Vatara, Gulshan - 02, Dhaka, Bangladesh, Gulshan Model Town, Dhaka, 1212",Dhaka,https://maayshapestcontrolbd.com/
Medinet Medical Services,Diagnostic Centers,medinetmedicalservices@gmail.com,01705458900,"Plot- 1,2,3, BNSB Bhaban, Mirpur-1, Dhaka-1216., Mirpur, Dhaka, 1216",Dhaka,https://medinetbd.com/
BAS Network,Internet Providers,basnetbd.net@gmail.com,01406255300,"4E/A, 4th Floor, Hadi Plaza, Mazar Rd, Dhaka 1216, Mirpur, Dhaka, 1216",Dhaka,https://basnetbd.com/
NextU,Coaching Centers,nextu.dmd@gmail.com,01534849510,"Rd Number 11, Dhaka 1230, Uttara Purba, Dhaka, 1230",Dhaka,N/A
A2 Construction,Construction Companies,N/A,01775854654,"127, Road-01, Avenue-01, Mirpur-12, Dhaka 1216, Mirpur, Dhaka, 1216",Dhaka,N/A
Faabrico,Tailoring & Boutiques,faabrico.tailor@gmail.com,01714793555,"5th Floor, Lake Manor, House 9 Rd 35, , Gulshan Model Town, Dhaka, 1212",Dhaka,https://faabrico.com.bd/
Loft Events,Event Management,eventsbdloft@gmail.com,01962821100,"Plot 22, 23 Mirpur Ceramic Rd, Dhaka 1216, Mirpur, Dhaka, 1216",Dhaka,N/A
Fareast International University,Universities,info@fiu.edu.bd,01986810710,"House # 87, Road # 06 ব্লক # সি, Dhaka 1213, Banani TSO, Dhaka, 1213",Dhaka,https://fiu.edu.bd/about-us/
Gems Gallery,Jewelry Stores,info@gemsgallery.com.bd,01841712060,"Q94F+66Q, Road No. 16, Dhaka 1205, New Market TSO, Dhaka, 1205",Dhaka,N/A
Crafting timeless designs with trusted quality,Furniture Shops,info@brothersfurniture.com.bd,01926680844,"Ambala Complex, 39 Road No. 2, Dhaka 1205, New Market, Dhaka, 1205",Dhaka,N/A
Jamiatul Abrar Rahmania Madrasa,Madrasas,N/A,01961228557,"Q922+G3F, Road No-04, Swapnodhara Housing, Bosila Road,, Mohammadpur, Dhaka, 1207",Dhaka,N/A
"New Govt. Degree College, Rajshahi",Colleges,N/A,01711905969,N/A,N/A,N/A
GNTA Properties Ltd,Real Estate Agencies,N/A,01790875917,"House 14, Road 137, Gulshan 1, Dhaka, Bangladesh, Gulshan Model Town, Dhaka, 1212",Dhaka,N/A
Montresor Beauty Lounge,Beauty & Salons,montresor.bd@gmail.com,01713099899,"Sima Blossom (Ground Floor), House # 03, Road # 16 (New) 27 (Old), Dhanmondi R/A, Dhanmondi, Dhaka, 1209",Dhaka,https://montresorbd.com/
Power Fix Ltd,Plumbing Services,admin@powerfixlrd.com,01710965725,"House 38 Road-06, Dhaka 1230, Uttara Purba, Dhaka, 1230",Dhaka,N/A
Rayo Fitness,Gyms & Fitness,admin@rayo.fitness,01711996444,"7th Floor, Rajanighanda Complex, 66 Green Road, Signal, Panthapath, Dhaka, New Market TSO, Dhaka, 1205",Dhaka,https://www.rayo.fitness/
Khan IT,IT & Computer Services,admin@khanit.com.bd,01404282727,"Mohammadpur, Dhaka, Mohammadpur, Dhaka,, Mohammadpur, Dhaka, 1207",Dhaka,https://www.khanit.com.bd
ADC Automobiles,Auto Repair,info@adcautomobiles.com,01716346067,"Kha-198, Dhaka 1212, Gulshan Model Town, Dhaka, 1212",Dhaka,https://www.adcautomobiles.com/#
Alif Motors,Car Showrooms,info@alifmotors.com,01317774455,"150C Tejgaon C/A Dhaka-1208, Tejgaon, Bangladesh, Dhaka Politechnic, Dhaka, 1208",Dhaka,N/A
Chillox,Restaurants & Cafes,chillox.burgers@gmail.com,01704194484,"Level 2, AMM Center, Road 3A, Dhanmondi 1209 (Near Jigatola Bus Stand, Beside Japan Friendship Hospital), Dhanmondi, Dhaka, 1209",Dhaka,https://chillox.engaze.ai/
Projonmo Printing Press,Printing Services,info@projonmoprinting.com,01712334455,"uttara dhaka 1230, Uttara Purba, Dhaka, 1230",Dhaka,"""https://www.facebook.com/projonmoprinting"""
Juvenile English Medium School,Schools,moin_3227@yahoo.com,01819285002,"Road No. 8, Dhaka 1216, Mirpur, Dhaka, 1216",Dhaka,http://juvenile.school/
Barrister’s Chamber Bangladesh,Law Firms,info@barristerschamber.com,01613554433,"uttara dhaka 1230, Uttara Purba, Dhaka, 1230",Dhaka,https://www.facebook.com/barristerschamber
Car City Dhaka,Car Service Centers,carcitydhaka@gmail.com,01969522223,"100 Feet Road, Natun Bazar, Vatara,Plot#7 Road#16, , Gulshan Model Town, Dhaka, 1212",Dhaka,https://carcitydhaka.com/
Cleaning Gram,Cleaning Services,info@dhakacleaner.com,01777053126,"dhaka, Gulshan Model Town, Dhaka, 1212",Dhaka,https://cleaninggram.com/bd/
Alphanso Amps BD,Electronics Shops,support@alphansoamps.com,01812878787,"Shop : 30/31, 4th Floor, Shah Ali Plaza, Mirpur 10 Mirpur, Dhaka, 1216, Mirpur, Dhaka, 1216",Dhaka,N/A
AAJ Travels,Travel Agencies,info@aajtravelsbd.com,01711907262,"KA-1/1 (1st Floor), Jagannathpur, Bashundhara Rd, , Khilkhet, Dhaka, 1229",Dhaka,https://aajtravelsbd.com/
Ac Servicing Center BD,AC Repair & Services,acservicingcenterbd@gmail.com,01953531166,"House-18/1, Road-02 Block #C, Dhaka, Mohammadpur, Dhaka, 1207",Dhaka,N/A
Pest N clean,Pest Control Services,pestncleanservices@gmail.com,01714111889,"69/A, MIDDLE PIRERBAG, OPPOSITE OF PAKA MASJID, 60 FEET ROAD, MIRPUR DHAKA 1216, DHAKA, BANGLADESH, Mirpur, Dhaka, 1216",Dhaka,https://www.pestnclean.net/
New Peacy Lab Ltd. Diagnostic Centre,Diagnostic Centers,peacylab@gmail.com,01929349099,"3rd Floor), 2-A, Apex Bhaban, 1 Darus Salam Rd, Dhaka 1216, Mirpur, Dhaka, 1216",Dhaka,https://newpeacylab.com/
Antaranga Dot Com Ltd.,Internet Providers,info@antbd.com,09666121131,"24/1, Shan Tower (3rd floor), Chamelibagh, Shantinagar, Palton, Dhaka, Bangladesh, 1217, Paltan, Dhaka, 1217",Dhaka,https://antbd.com/
British American Resource Center,Coaching Centers,mail2barc@yahoo.com,01617302012,"Level-3, House: 14-16, Khan Tower, 12 Sonargaon Janapath Rd, Dhaka 1230, Uttara Purba, Dhaka, 1230",Dhaka,https://hellobarc.com/
K & B Construction Ltd,Construction Companies,knbabout@gmail.com,01896092691,"125/1 (2nd Floor), Begum Rokeya Sarani, Mirpur-10, Dhaka-1216, Bangladesh, Mirpur, Dhaka, 1216",Dhaka,https://knbbd.com/
Roshni Boutiques,Tailoring & Boutiques,roshniboutiquesbd@gmail.com,01727636053,"25/1, Tollabag, Sher-E-Bangla Road, Rayer Bazar, Dhaka, Dhanmondi, Dhaka, 1209",Dhaka,N/A
BlueBird International and Event Management,Event Management,bluebirdeventbd@gmail.com,01603718485,"Shagupta, Dhaka 1216, Mirpur, Dhaka, 1216",Dhaka,N/A
Royal University of Dhaka,Universities,info@royal.edu.bd,01332544317,"House# 2 Rd 10, Dhaka 1213, Banani TSO, Dhaka, 1213",Dhaka,https://www.royal.edu.bd/
Arabians Gold,Jewelry Stores,arabiansgoldjewelry@gmail.com,01734698466,"Shop-118, 1st Floor, Shimanto Square, Dhanmondi B G.B Gate, Dhaka 1205, New Market TSO, Dhaka, 1205",Dhaka,N/A
Hi-Fashion Gallery Ltd.,Furniture Shops,sales@deengroupbd.com,01847158437,"Sha Sha Bari, House# 56, Road#, 3/A Satmasjid Road, Dhaka 1209, Dhanmondi, Dhaka, 1209",Dhaka,http://www.hifashiongallery.com/
Jameul Uloom Madrasah,Madrasas,N/A,01715015300,"mirpur 14, , Mirpur, Dhaka, 1207",Dhaka,N/A
"Govt. Hazi Muhammad Mohsin College, Chittagong",Colleges,N/A,01559065001,N/A,N/A,N/A
Sharif Properties Service,Real Estate Agencies,N/A,01636333333,"Block-L, House-3 Rd No. 2/2, Dhaka, Banani TSO, Dhaka, 1213",Dhaka,N/A
Dream's Beauty Parlour & Fitness Club,Beauty & Salons,dreamsdhanmondi333@gmail.com,01713429741,"House:33, Road:01, Dhanmondi, New Market TSO, Dhaka, 1205",Dhaka,https://sites.google.com/view/dreamsbeauty
Fixora BD,Plumbing Services,contact@fixorabd.com,01624211412,"Road-2, Mirpur - 2, Dhaka - 1216, Bangladesh, Mirpur, Dhaka, 1216",Dhaka,https://fixorabd.com/plumber-service/
Unique Lifestyle Gym & Fitness,Gyms & Fitness,farhanhabib908@gmail.com,01750024312,"196/8, Dhaka, Shantinagr TSO, Dhaka, 1217",Dhaka,https://www.uniquelifestylegym.fit
BASCO AUTO SOLUTION,Auto Repair,bascobd@gmail.com,01733077657,"343 Cocacola Road, Naya Nagar Rd, Dhaka 1212, Gulshan Model Town, Dhaka, 1212",Dhaka,N/A
JB Auto,Car Showrooms,N/A,01722911208,"45 Kazi Nazrul Islam Avenue, Dhaka, Bangladesh, Tejgaon TSO, Dhaka, 1215",Dhaka,https://jbautobd.com/
LE MERIDIEN DHAKA,Restaurants & Cafes,lemeridiendhaka1229@gmail.com,09638900089,"79/A Commercial Area, Airport Road, Nikunja 2, Khilkhet, KhilkhetTSO, Dhaka, 1229",Dhaka,https://www.marriott.com/en-us/hotels/dacmd-le-meridien-dhaka/dining/
Royal Printing Press,Printing Services,info@royalprintingpress.com,01719223344,"uttara dhaka 1230, Uttara Purba, Dhaka, 1230",Dhaka,https://royalprintingpress.com/?utm_source=copilot.com
Mirpur English Version School and College,Schools,mirpurenglishversionschool@gmail.com,01678850500,"House # 08, Road # 11/2, Block # B, Section # 10, Mirpur, Dhaka, Mirpur, Dhaka, 1216",Dhaka,http://www.mirpurenglishversionschoolandcollege.org/
Law Valley,Law Firms,lawvalley@gmail.com,01915964722,"45, Suite No. 11A, 11th Floor, Saiham Sky View Tower, 45 Bijoy Nagar Road, Dhaka 1000, Dhaka GPO, Dhaka, 1000",Dhaka,N/A
eGarage bangladesh,Car Service Centers,support@egaragebd.com,01312202050,"345 Bijoy Sarani - Tejgaon Link Rd, Dhaka Politechnic, Dhaka, 1208",Dhaka,N/A
MBM-Munshi Bangladesh Limited,Cleaning Services,cleaning@munshicorp.com,01979522500,"415 (AP House), Nayanagar, Cocacola Rd, Dhaka 1212, Gulshan Model Town, Dhaka, 1212",Dhaka,http://www.mbmmunshibd.com/
Chowdhury Electronics,Electronics Shops,chowdhuryelectronicsbd@gmail.com,01611646464,"Shop- 40-42, Plot- 89, 1st Floor, Syed Grand Centre, Sector- 7, Uttara C/A, Dhaka 1230, Uttara Purba, Dhaka, 1230",Dhaka,https://www.chowdhuryelectronics.com/
Travelley,Travel Agencies,info@travelley.net,01704644222,"Cha 90/A, Pragatisharani, BTI Premier Shopping Mall, 21-24/C, Level-3, , Gulshan, Dhaka, 1212",Dhaka,https://travelley.net/
Poppy - AC Service & Repair Center Bashundhara,AC Repair & Services,poppyacservice@gmail.com,01700912596,"House 166, 167 Road No 1, Dhaka, KhilkhetTSO, Dhaka, 1229",Dhaka,N/A
Jahan Pest Control Service,Pest Control Services,N/A,01717958596,"Kha/55/A(2nd Floor), Bashtola Masjid Road, Shahjadpur,, Gulshan Model Town, Dhaka, 1212",Dhaka,http://jahanpestcontrolbd.com
Thyroid Care & Diagnostic Centre,Diagnostic Centers,tcdc.query@gmail.com,01701660790,"Rupyan Latifa Shamsuddin Square, Plot No : 03 (8th Floor), Road No : 01, Block : G, Section : 01, Mirpur : 01,, Dhaka, Bangladesh, 1216, Mirpur, Dhaka, 1216",Dhaka,https://tcdcbd.com/
Telnet Communication Ltd.,Internet Providers,sales@telnet.com.bd,01713488999,"Takia Center. (8th Floor & 9th Floor) House:39, Sonargaon Janapath Road Sector- 07, Uttara, Sonargaon Janapath Rd, Dhaka 1230, Uttara Purba, Dhaka, 1230",Dhaka,http://telnet.com.bd/
Gradient Education,Coaching Centers,gradientuttara03@gmail.com,01714077039,"2nd Floor, House-38 Road-08, Dhaka 1230, Uttara Purba, Dhaka, 1230",Dhaka,N/A
DIENCO LIMITED,Construction Companies,diencoltd@yahoo.com,01912800269,"Suite-4A, Nakshi Home, 6/1/A Topkhana Road, Segunbagicha,Dhaka-1000, Dhaka GPO, Dhaka, 1000",Dhaka,http://diencobd.com/#
Jubilation - Fine Artisanal Garments,Tailoring & Boutiques,Info@thejubilation.com,01326883863,"Shop 53 (Level 3, 43 Felani Ave, Dhaka, Gulshan Model Town, Dhaka, 1212",Dhaka,https://www.thejubilation.com/
Banani Decorator & Event Management LTD.,Event Management,www.bananidecorator@gmail.com,01711200440,"H 79, 1 New Airport Road, Dhaka 1212, Gulshan, Dhaka, 1212",Dhaka,N/A
University of South Asia,Universities,admission@southasiauni.ac.bd,01686265125,"House 76 & 78, Rd No # 14, Dhaka 1212, Gulshan Model Town, Dhaka, 1212",Dhaka,https://www.southasiauni.ac.bd/
Kristi Gold Plated Jewellery,Jewelry Stores,kristigpj2023@gmail.com,01928908804,"Shop No: 231, House No: 1, Metro Shopping Mall, Road No: 12(New), Dhanmondi, Dhaka 1209, Dhanmondi, Dhaka, 1209",Dhaka,N/A
BD Furniture,Furniture Shops,bdfurnitureinfo@gmail.com,01678210201,"fakhrul habib Ave, Dhaka, Banani, Dhaka, 1213",Dhaka,N/A
Jamia Rahmania Arabia Dhaka,Madrasas,N/A,N/A,"Sat Masjid Road, Mohammadpur,, Mohammadpur, Dhaka, 1207",Dhaka,N/A
Holy Cross College,Colleges,N/A,N/A,N/A,N/A,N/A
Property Choice,Real Estate Agencies,N/A,01944400001,"House 13/A Road 83, Dhaka, Gulshan Model Town, Dhaka, 1212",Dhaka,N/A
VitaSkin,Beauty & Salons,booking@vitaskinclinic.com,01828336507,"Delvistaa Fuljhuri (level: 9), 59 (new), Satmasjid Road, Dhanmondi, Dhanmondi, Dhaka, 1209",Dhaka,https://www.vitaskinclinic.com/
Saifa Plumbing,Plumbing Services,saifaplumbing2010@gmail.com,01922566666,"House No-01, Road No-1, Block-D, Dhaka Udyan, Mohammadpur, 1207, Dhaka, Mohammadpur, Dhaka, 1207",Dhaka,https://saifaplumbingbd.com
Inspire Fitness by Sohel Taj,Gyms & Fitness,inspirefitnessbysoheltaj@gmail.com,01755576443,"51 Satmasjid Road, Dhaka, Dhanmondi, Dhaka, 1209",Dhaka,https://inspirefitnessbd.net/
Motor Diagnosis and Treatment LTD -MDTL,Auto Repair,zillur@mdtlbd.com,01613356602,"Ka67-68, progoti Sharani, Norda, 1212, Gulshan Model Town, Dhaka, 1212",Dhaka,https://mdtlbd.com/
Buraq Cars,Car Showrooms,info@buraqcars.com,01883888875,"Ka-96, Kuril Biswa Road, Paragati Saroni., Dhaka, Bangladesh, KhilkhetTSO, Dhaka, 1229",Dhaka,https://www.buraqcars.com/
Alfresco,Restaurants & Cafes,khilgaonalfresco@gmail.com,01335100521,"11 level 9 84, Skylark Building, plot no Road No. 11,, Banani TSO, Dhaka, 1213",Dhaka,N/A
Print World Bangladesh,Printing Services,support@printworldbd.com,01933445566,"uttara dhaka 1230, Uttara Purba, Dhaka, 1230",Dhaka,https://printworldbd.com/?utm_source=copilot.com
Cherry Blossoms International School & College,Schools,cherryblossomsint@gmail.com,01730073860,"Block - A, House - 7 Road No. 4, Dhaka 1216, Mirpur, Dhaka, 1216",Dhaka,N/A
Kazi Law Chamber,Law Firms,kazilawchamber95@gmail.com,01748848487,"12th Floor, Meherba Plaza, 33 Topkhana Road, Dhaka 1000, Dhaka GPO, Dhaka, 1000",Dhaka,N/A
Auto Scan Center,Car Service Centers,smayeen100@gmail.com,01670204929,"18 No. Road Baridhara J Block, , Gulshan Model Town, Dhaka, 1212",Dhaka,N/A
BD Cleaning Service,Cleaning Services,bdenterprise247@gmail.com,N/A,"Nafi Tower, 53 Gulshan Ave, Dhaka 1212, Gulshan Model Town, Dhaka, 1212",Dhaka,https://cleaningservicesbd.com/home/cleaning-service/
Brothers Electronics,Electronics Shops,N/A,01999982225,"Shop-70, 71, Level-06, Block-D, Bashundhara City Shopping Complex, Dhaka 1215, Tejgaon TSO, Dhaka, 1215",Dhaka,https://brotherselectronicsbd.com/index.php?route=common/home
ARO Tours & Travels,Travel Agencies,N/A,01764411815,"Block-D, Gemcon Shwapnodip (3rd Floor, House-22 Rd No 13A, , Banani, Dhaka, 1213",Dhaka,N/A
NR Aircon,AC Repair & Services,info@nraircon.com,01911987321,"121, 6 Jonaki Rd, Dhaka, Mirpur, Dhaka, 1216",Dhaka,https://nraircon.com/
Sky Pest Control,Pest Control Services,skypestcontrolbd@gmail.com,01789632320,"Hous No-65, 100 Shah-Ali Bagh, Mirpur-1, , Mirpur, Dhaka, 1216",Dhaka,https://skypestcontrolbd.com/
Health Point Diagnostic Services,Diagnostic Centers,official.healthpoint@gmail.com,01575325776,"2nd Floor, Adept Moitry Complex, 571 ECB Chattor, Dhaka 1206, Dhaka CantonmentTSO, Dhaka, 1206",Dhaka,N/A
Yellow Net,Internet Providers,info@yellownetbd.com,01912683064,"H-10, Rd-5, shekhertek main road, Adabor, Dhaka, Bangladesh, 1207, Adabor, Dhaka, 1207",Dhaka,https://www.yellownetbd.com/
Liakat's English,Coaching Centers,liakats1993@gmail.com,01945666777,"Room No -901, Level -9, BNS Center, Uttara Purba, Dhaka, 1230",Dhaka,N/A
Homes 71 Ltd.,Construction Companies,hrhomes71@gmail.com,01991140200,"House No: 439, Road: 06, Avenue: 06, Mirpur DOHS, Dhaka-1216, Dhaka, Bangladesh, Mirpur, Dhaka, 1216",Dhaka,https://www.homes71.com.bd/
Sitr Tailors BD,Tailoring & Boutiques,support@sitrtailors.com,01793652915,"Kawla (Kawlar Bazar, Dhaka, KhilkhetTSO, Dhaka, 1229",Dhaka,https://www.sitrtailorsbd.com/
Dhaka Event Management,Event Management,dhakaeventmanagement@gmail.com,01638651413,"11 Road No. 11, Dhaka 1216, Mirpur, Dhaka, 1216",Dhaka,N/A
Primeasia University,Universities,info@primeasia.edu.bd,01958665501,"Star Tower, 12 Kemal Ataturk Ave, Dhaka 1213, Banani TSO, Dhaka, 1213",Dhaka,https://primeasia.edu.bd/arc/
Divine Gold & Diamond,Jewelry Stores,d.diamond02pl@gmail.com,01311779595,"Room No-119, PO, Metro Shopping Mall, House No, 01 Rd No 12, Dhaka 1205, New Market TSO, Dhaka, 1205",Dhaka,N/A
ART Furnishers,Furniture Shops,artinterior.furnitures@gmail.com,01833557788,"8 Rd 8, Dhaka 1213, Banani, Dhaka, 1213",Dhaka,N/A
Jamia Jannatul Banat,Madrasas,N/A,01787773730,"31/2 Shankar, West, , Mohammadpur, Dhaka, 1209",Dhaka,N/A
Adamjee Cantonment College,Colleges,N/A,N/A,N/A,N/A,N/A
Starpath Property Exchange,Real Estate Agencies,N/A,09610969621,"House-12 ,Road-137, Gulshan-1, Dhaka, Bangladesh, Gulshan Model Town, Dhaka, 1212",Dhaka,N/A
The White Chair,Beauty & Salons,contact@thewhitechair.co.uk,01711128052,"Lake Palisade 23, Road: 27, Dhanmondi, New Market TSO, Dhaka, 1205",Dhaka,https://www.thewhitechair.co.uk/
"China Genset Generator Manufacturers Co., Ltd.",Plumbing Services,genset@jeawin.com,N/A,"NO.93, East Hubin Road, Xiamen, Fujian, China, Chittagong Bandar, Chittagong, 4100",Chittagong,https://genset-generator-suppliers.com/
Multi Gym Premium,Gyms & Fitness,info@multigympremium.com,01313197435,"Plot No. 24/1-24/2, 4th & 5th Floor, Shiya Masjid Mor, Ring Rd, Dhaka, Mohammadpur, Dhaka, 1207",Dhaka,https://www.multigympremium.com/
RPM AUTO WORKS,Auto Repair,rpmautoworksbd@gmail.com,01810448877,"Shed-06, Baridhara J Block, Dhaka 1212, Gulshan Model Town, Dhaka, 1212",Dhaka,http://rpmautoworks.com
Auto BD Imports,Car Showrooms,N/A,01909166312,"H-57/A, Rd -4 Mohanagar Housing Rd, Dhaka 1212, Gulshan Model Town, Dhaka, 1212",Dhaka,N/A
Secret Recipe Elephant road Flagship,Restaurants & Cafes,info@secretrecipebd.com,09613505085,"Plaza Central by Ananta 136, Old Elephant Road, S Kamruzzaman Sharani Rd, , New Market TSO, Dhaka, 1205",Dhaka,https://secretrecipebd.com/
Digital Print BD,Printing Services,adkeylimited@gmail.com,01715998877,"uttara dhaka 1230, Uttara Purba, Dhaka, 1230",Dhaka,https://digitalprintbd.com/?utm_source=copilot.com
Al-Azhar International Grammar School- AIGS,Schools,info@alazharigs.com,01792742441,"H, 1 Rd -15, Dhaka 1230, Uttara Purba, Dhaka, 1230",Dhaka,https://alazharigs.com/
Bangladesh Legal Network,Law Firms,info@bdlegalnetwork.com,01712345694,"uttara dhaka 1230, Uttara Purba, Dhaka, 1230",Dhaka,https://bdlegalnetwork.com/?utm_source=copilot.com
TVS auto Bangladesh,Car Service Centers,postmaster@tvsabl.com,01919194222,"50 বীর উত্তম জিয়াউর রহমান সড়ক, Tejgaon TSO, Dhaka, 1215",Dhaka,N/A
Kcsservicelimited,Cleaning Services,kcsluthfor4142@gmail.com,01711380030,"House 1228, Madani Avenue (100Feet), MainRoad Baridhara, Natun Bazar Vatara Dhaka, 1212, Gulshan Model Town, Dhaka, 1212",Dhaka,https://www.kcs-bd.com/
Best Electronics,Electronics Shops,info@bestelectronics.com.bd,09606111777,"Level 16, City Centre, 90/1 Motijheel, Dhaka, Bangladesh, Uttara Purba, Dhaka, 1230",Dhaka,https://www.bestelectronics.com.bd/
GoBangla Tours and Travels,Travel Agencies,Gobangla64@gmail.com,01841779908,"Block A, (Ground Floor, Lalmatia Rd, , Mohammadpur, Dhaka, 1207",Dhaka,https://gobanglabnb.com/
City Safe Engineering,AC Repair & Services,citysafeengineering@gmail.com,01796215315,"Ka-60, Chowrasta, Khan Villah, Dhaka, Mirpur, Dhaka, 1216",Dhaka,https://citysafe-engineering.com/
Green Earth Pest Control,Pest Control Services,N/A,01756316479,"222 Ali's Corner, North Badda,, Tejgaon TSO, Dhaka, 1215",Dhaka,https://greenearthpestcontrolbd.com/
Health Labs Ltd.,Diagnostic Centers,healthlabsltd@gmail.com,01763800000,"1041/2 A, East Shewrapara, Begum Rokeya Shoroni, Mirpur,, Dhaka, Bangladesh, 1216, Mirpur, Dhaka, 1216",Dhaka,https://healthlabs.com.bd/
Maisha Net,Internet Providers,info@maishabd.net,01928220022,"Level #02, House #65, Road #18, Sector #7, Uttara Model Town, Dhaka, Bangladesh, 1230, Uttara Purba, Dhaka, 1230",Dhaka,https://www.maishabd.net/
ACE PTE,Coaching Centers,uttara@acepte.com.au,01740014145,"13 Rd No. 17/A, Dhaka 1230, Uttara Purba, Dhaka, 1230",Dhaka,https://acepte.com.au/
MACON ENGINEERING,Construction Companies,maconiacbd@gmail.com,01518436533,"GF, H:23, Road: 22 Block:D, Dhaka 1216, Mirpur, Dhaka, 1216",Dhaka,https://www.maconiac.com/
Meehra Boutiques & Tailors,Tailoring & Boutiques,tonmoynrakib@gmail.com,01581376285,"35/S-4, Block-L, Eastern Housing 2 Phase, Rupnagar, Mirpur, , Mirpur, Dhaka, 1216",Dhaka,N/A
Lily event,Event Management,lilyeventmanagementlily@gmail.com,01704741942,"Matikata Rd, Dhaka 1216, Pallabi, Dhaka, 1216",Dhaka,N/A
Northern University Bangladesh (NUB),Universities,admission@nub.ac.bd,01755514661,"Holding #13, Sher Tower, Road #17, Dhaka 1213, Banani TSO, Dhaka, 1213",Dhaka,https://nub.ac.bd/
Diamond Paradise,Jewelry Stores,diamondparadise823@gmail.com,01324944823,"Shop No-1003,1st Floor, Shimanto Shambhar Shopping Mall, Dhanmondi-2, Dhaka 1209, Dhanmondi, Dhaka, 1209",Dhaka,https://diamondparadisebd.com/
Badda Furniture,Furniture Shops,mahabub1050@gmial.com,01677850810,"42 Shadhinata Sharani, Dhaka 1212, Gulshan, Dhaka, 1212",Dhaka,N/A
Mohammadia Alim Madrasah,Madrasas,N/A,01718966707,"P9X8+3C4, Madrasa Rd, Dhaka, Mohammadpur, Dhaka, 1207",Dhaka,N/A
Rajuk Uttara Model College,Colleges,N/A,01714034441,N/A,N/A,N/A
Brokerage,Real Estate Agencies,info@brokeragebd.com,09613191919,"bti Celebration Point, Plot: 3 & 5, Road: 113/A, Gulshan-2, Dhaka, Gulshan Model Town, Dhaka, 1212",Dhaka,https://brokeragebd.com/
Glamour World,Beauty & Salons,glamourworldbd24@gmail.com,01703774024,"Benaroshi Palli, Mirpur-10, Mirpur, Dhaka, 1216",Dhaka,https://theglamourworld.com/
Auto space,Auto Repair,contactautobal@gmail.com,01916313949,"333, 1 Cocacola Rd, Dhaka 1212, Gulshan Model Town, Dhaka, 1212",Dhaka,N/A
Crossroad Motors,Car Showrooms,crossroadmotorsbd@gmail.com,01711895017,"House # 05, Road-17, Block-C, Banani 1213  Dhaka, Bangladesh, Banani TSO, Dhaka, 1213",Dhaka,https://crossroadmotors.com.bd/
The Red Chamber,Restaurants & Cafes,redchamber@gmail.com,01316048262,"Level 13, Hamid Tower, Gulshan Circle 2, , Gulshan Model Town, Dhaka, 1212",Dhaka,N/A
Print Master BD,Printing Services,contact@printmasterbd.com,01811778899,"uttara dhaka 1230, Uttara Purba, Dhaka, 1230",Dhaka,"""https://www.facebook.com/printmasterbd"""
Navy Anchorage School and College,Schools,anchoragedhaka@gmail.com,01769714061,"Khilkhet Naval Area, Namapara Rd, Dhaka 1229, KhilkhetTSO, Dhaka, 1229",Dhaka,https://nascd.edu.bd/
Legal Aid & Consultancy Center,Law Firms,info@laccbd.org,01712345693,"uttara dhaka 1230, Uttara Purba, Dhaka, 1230",Dhaka,https://laccbd.org/?utm_source=copilot.com
Hyundai,Car Service Centers,info@fairtechnology.com.bd,09613505080,"279, Tejgaon I/A, , Dhaka Politechnic, Dhaka, 1208",Dhaka,https://hyundai-bd.com/
Best Cleaning Service,Cleaning Services,bestcleaningservice2012@gmail.com,01629245575,"17 Miah's Tower 3rd Floor, 100 Feet Road, Madani Avenue, Gulshan, Dhaka-1212, Gulshan Model Town, Dhaka, 1212",Dhaka,https://bestcleaningservicebcs.com/
Prime Electronics,Electronics Shops,primeelectronics.uttara@gmail.com,01777854905,"House-1, Road-19 Gareeb-e-Nawaz Ave, Dhaka 1230, Uttara Purba, Dhaka, 1230",Dhaka,N/A
Apon Tours,Travel Agencies,apontours@gmail.com,01844178204,"Eastern Arzoo, 197, Shahid Syed Nazrul Islam Sharani, 61, Bijoynagar,, Paltan,, , Paltan, Dhaka, 1000",Dhaka,N/A
Sunflower Air Conditioning,AC Repair & Services,Sunfloweraircon@gmail.com,01864191155,"House-27 Road-27, Dhaka, Uttara Purba, Dhaka, 1230",Dhaka,N/A
Thanks Cleaning & Pest Control,Pest Control Services,N/A,01357225559,"Gulshan Badda Link Rd, , Gulshan Model Town, Dhaka, 1212",Dhaka,https://pestcontrolservicebd.com/
Life Care Diagnostic Centre,Diagnostic Centers,lifecarediagnosticcentre@gmail.com,01733333339,"Second Floor, Metro Rail Station, 888/1, East Shewrapara, Hazi Ashraf Ali Super Market, Dhaka 1216, Mirpur, Dhaka, 1216",Dhaka,N/A
Info Internet Service,Internet Providers,infointernetservicebd@gmail.com,09639402402,"House No-22, Road No-8, Block H, Section 2, Mirpur, Bangladesh, 1216, Mirpur, Dhaka, 1216",Dhaka,N/A
BCS Confidence,Coaching Centers,bcsconfidenceuttara09@gmail.com,01922101508,"Hossain Tower, 103 Dhaka - Mymensingh Rd, Dhaka 1230, Uttara Purba, Dhaka, 1230",Dhaka,N/A
Bkolpo Construction Limited,Construction Companies,info@bkolpo.com.bd,01730742238,"Tokyo Tower(6th Floor) CeragAli, Tongi, Gazipur-1711, Bangladesh, Nishat Nagar, Gazipur, 1711",N/A,https://bkolpo.com.bd/
Rainbow Boutiques,Tailoring & Boutiques,rainbowboutiquesbd@gmail.com,01911951721,"D.M.C 451/B, South Kafrul, Adjacent Ice Cream Factory, Dhaka Cantt.,, Dhaka CantonmentTSO, Dhaka, 1206",Dhaka,N/A
Bloomz Event Management,Event Management,bloomzevent@gmail.com,01611122278,"House No: 53, Road No: 1, Block: A, Dhaka 1212, Gulshan, Dhaka, 1212",Dhaka,N/A
University of Scholars,Universities,scholarsuniversityadmission@gmail.com,01629444666,"40 Kemal Ataturk Ave, Dhaka 1213, Banani TSO, Dhaka, 1213",Dhaka,N/A
Green Jewellers,Jewelry Stores,greenjewellers2024@gmail.com,01911040189,"214, Green jewellers, East Rayer Bazar - Sanker Rd, Dhaka 1207, Mohammadpur, Dhaka, 1207",Dhaka,N/A
Red Rose Cane Furniture & Interior,Furniture Shops,redrose.10005@gmail.com,01624914609,"H- 79, Block -E Dhaka - Mymensingh Hwy, Dhaka 1213, Banani, Dhaka, 1213",Dhaka,N/A
Jamia Hosainia Ashraful Ulum Boro Katara Madrasa,Madrasas,N/A,01911656544,"16, boro katara lane, Dhaka, Chalkbazar, Dhaka, 1211",Dhaka,N/A
Govt. Azizul Haque College,Colleges,N/A,01711104636,N/A,N/A,N/A
Sunstar Real Estate Limited,Real Estate Agencies,N/A,01711590580,"House-15(3rd Floor, 1219 Banasree Main Rd, Dhaka, KhilgaonTSO, Dhaka, 1219",Dhaka,N/A
Persona Adams,Beauty & Salons,info@persona.com.bd,01777799220,"2nd Floor, Plot 1, Avenue 4 Block C, Section 6, Mirpur, Dhaka, Mirpur, Dhaka, 1216",Dhaka,https://persona.com.bd/
